runs,year,Ein,netto_demand,country
h010,2000,553090.7551898028,291679.5320036424,35.0
h010,2001,292580.3293585161,310920.1415539933,35.0
h010,2002,191269.7467842198,311723.90235866513,35.0
h010,2003,451845.1261164946,292217.2128010559,35.0
h010,2004,529058.4294418155,297085.7973720751,35.0
h010,2005,407492.62210938946,302929.60735927237,35.0
h010,2006,414765.36628842156,306426.9624172464,35.0
h010,2007,476747.9698631355,313926.65850653406,35.0
h010,2008,485001.0144596009,303544.3132363761,35.0
h010,2009,402401.3150813636,302440.82426792005,35.0
h011,2000,415566.8703746984,301372.9308012107,35.0
h011,2001,364024.34164082544,305159.3481604612,35.0
h011,2002,497350.0828840263,298570.2138693873,35.0
h011,2003,395015.5554098367,292612.98348336294,35.0
h011,2004,448848.4478926014,299321.4415568926,35.0
h011,2005,505608.0838504921,291144.83198273473,35.0
h011,2006,404838.68296204356,309855.3790506311,35.0
h011,2007,390944.4803876796,291347.5818961965,35.0
h011,2008,422946.2501533067,306703.8858411622,35.0
h011,2009,420982.1387463014,303621.32050712686,35.0
h012,2000,368542.2525222687,311758.23723882774,35.0
h012,2001,330340.23539191176,311967.82341597986,35.0
h012,2002,442562.8470792787,301311.9278268002,35.0
h012,2003,440380.99157299654,296698.11967782653,35.0
h012,2004,510240.8219602626,292318.55555646715,35.0
h012,2005,497339.6368588486,296723.53123890614,35.0
h012,2006,423012.81889580697,292923.35788891715,35.0
h012,2007,400958.92069306574,311340.71149152354,35.0
h012,2008,541666.0443165664,292298.0656825872,35.0
h012,2009,410936.35083763686,291069.6990517937,35.0
h013,2000,457381.2027193593,300166.64788555604,35.0
h013,2001,489222.48439017363,296641.122818954,35.0
h013,2002,372724.40162561333,300184.6664331887,35.0
h013,2003,229605.34561937224,297646.91504738736,35.0
h013,2004,455654.7665650187,290929.5997897947,35.0
h013,2005,368801.51840579475,310701.4698413659,35.0
h013,2006,414176.22714260797,314303.5337567222,35.0
h013,2007,280538.71705430566,316877.78570248035,35.0
h013,2008,380414.778641715,304150.6981365186,35.0
h013,2009,211842.71568899383,314266.1972635066,35.0
h014,2000,275093.2704224479,310316.0512278162,35.0
h014,2001,463527.83106287,298987.1154828536,35.0
h014,2002,320194.21414761833,306705.89547040383,35.0
h014,2003,296088.36772379634,307951.70668782364,35.0
h014,2004,441252.990739384,296879.8996651044,35.0
h014,2005,550646.7535119152,282585.73551780905,35.0
h014,2006,420428.1243063501,300295.28980587446,35.0
h014,2007,352601.7909966897,308323.25390853087,35.0
h014,2008,408853.06104270264,300365.8010823709,35.0
h014,2009,459984.36946995265,299523.1036393842,35.0
h015,2000,383033.1601406816,313428.7694105525,35.0
h015,2001,237552.23533656524,315962.4691243059,35.0
h015,2002,499506.83517756395,299713.4993599554,35.0
h015,2003,382492.0082965049,310603.2830906648,35.0
h015,2004,329327.8498254315,309388.6573559846,35.0
h015,2005,386555.73055867205,301652.8952665326,35.0
h015,2006,469958.7345440183,304357.73590297054,35.0
h015,2007,539868.4058889666,297444.73898389016,35.0
h015,2008,543267.3809830684,294440.0894842124,35.0
h015,2009,477547.8996644615,296451.7773799541,35.0
h016,2000,562875.4421817455,305232.8199552843,35.0
h016,2001,381416.6423786309,298079.97326691175,35.0
h016,2002,339683.11335617007,310900.4260183845,35.0
h016,2003,472919.4999793234,294183.0215118074,35.0
h016,2004,319219.5859486766,303677.23647006263,35.0
h016,2005,579712.4352345216,288484.61057819624,35.0
h016,2006,546303.6539195364,316504.97397491825,35.0
h016,2007,350508.39038187236,287709.0899912009,35.0
h016,2008,391020.25621103717,301104.0048997799,35.0
h016,2009,483086.35920799524,296053.7360756398,35.0
h017,2000,474116.5437002433,293138.4146660822,35.0
h017,2001,436915.01157033973,304981.6121140061,35.0
h017,2002,339819.0926183939,301805.1044564897,35.0
h017,2003,419059.1584445427,299967.45668873895,35.0
h017,2004,442778.7712933692,296293.2776244385,35.0
h017,2005,466296.90794303495,304673.51066871994,35.0
h017,2006,631984.9783552594,296000.1821989455,35.0
h017,2007,385716.3033847748,292932.59743610024,35.0
h017,2008,324481.6151929983,294219.82878516184,35.0
h017,2009,395273.13355600275,294306.86072178336,35.0
h018,2000,455022.818984316,312451.7958090193,35.0
h018,2001,402067.4075234551,307260.5444695248,35.0
h018,2002,527596.7736117996,294225.7340124705,35.0
h018,2003,439328.88166805246,320931.24600529583,35.0
h018,2004,593184.0382072388,305593.96402468084,35.0
h018,2005,500957.39451604645,299070.2728471177,35.0
h018,2006,392311.4664303435,312376.9759254416,35.0
h018,2007,343248.07139040786,306457.54867640726,35.0
h018,2008,462781.08100994775,298367.9213064082,35.0
h018,2009,478388.10590884637,296599.0911166332,35.0
h019,2000,380466.5920164582,296198.80689438444,35.0
h019,2001,399115.6147561163,294501.5220486156,35.0
h019,2002,468621.0132445135,298624.2011224227,35.0
h019,2003,375734.597539049,294808.50431668333,35.0
h019,2004,378074.51569962606,289025.0275001361,35.0
h019,2005,372974.0871148928,303092.36744102574,35.0
h019,2006,489296.10999728594,294284.9925452509,35.0
h019,2007,441371.96315054223,300991.77101874433,35.0
h019,2008,468187.5229930033,294432.7147750801,35.0
h019,2009,390010.97060840693,292303.7340631293,35.0
h020,2000,465632.25995404454,301298.10033679643,35.0
h020,2001,385005.58289953036,307943.6638512372,35.0
h020,2002,413705.8427143012,310148.9880881748,35.0
h020,2003,364373.48328107933,302663.1821687142,35.0
h020,2004,472230.0359715494,305241.8994097002,35.0
h020,2005,425515.17936597415,310277.4815077043,35.0
h020,2006,258477.90183198135,313633.12096472445,35.0
h020,2007,447543.69033664634,312325.0496678623,35.0
h020,2008,313500.83682996116,320142.9002578625,35.0
h020,2009,374081.1480816362,315214.7154106008,35.0
h021,2000,491441.3520258037,323333.66612250905,35.0
h021,2001,429340.144847,303941.30028023006,35.0
h021,2002,381780.1363636951,300782.45436810807,35.0
h021,2003,283461.3333642871,311898.965514283,35.0
h021,2004,499016.09347349964,299235.5792321058,35.0
h021,2005,278274.87385965127,309027.3149376165,35.0
h021,2006,341775.05034643936,308822.1569811608,35.0
h021,2007,548329.8539920687,308602.46246921545,35.0
h021,2008,521970.5980480866,294969.2528524131,35.0
h021,2009,372375.5496483305,296752.00569616986,35.0
h022,2000,574258.0667550087,286814.6821744656,35.0
h022,2001,353940.4286091623,316918.72001623776,35.0
h022,2002,404354.3603017876,316608.16313728003,35.0
h022,2003,410510.8546697105,301612.3802480812,35.0
h022,2004,552596.0245150473,290013.05984468444,35.0
h022,2005,376678.6577270201,301380.9001328162,35.0
h022,2006,446218.83784944226,317377.46935321536,35.0
h022,2007,452618.68218040525,303772.50126865826,35.0
h022,2008,373794.7730835481,295904.71768451587,35.0
h022,2009,374099.4491809555,300953.6993046775,35.0
h023,2000,598356.6359141017,310166.0945428229,35.0
h023,2001,583822.4769238279,297889.7338288001,35.0
h023,2002,340176.8083125073,302180.8880485548,35.0
h023,2003,560106.8563956507,292196.3265181958,35.0
h023,2004,427994.7022071154,292734.88315449376,35.0
h023,2005,428869.6466641909,316608.508101344,35.0
h023,2006,332209.9489703254,311063.35911134316,35.0
h023,2007,446258.41142877523,304558.328819827,35.0
h023,2008,430608.9780746924,305779.4901317286,35.0
h023,2009,289963.66423879063,310324.6151130171,35.0
h024,2000,528217.9273442344,317520.7317496858,35.0
h024,2001,414312.5601608137,312061.1178961397,35.0
h024,2002,541422.266169833,308683.78099371516,35.0
h024,2003,319183.1266265425,300486.12616077776,35.0
h024,2004,528083.7165687389,314132.2337918217,35.0
h024,2005,495508.88118143805,305637.661682395,35.0
h024,2006,459050.15294907027,304093.79994037445,35.0
h024,2007,580800.9604416922,297605.77403979126,35.0
h024,2008,365784.71143033553,318561.58570510603,35.0
h024,2009,339805.5970660032,290347.3552881194,35.0
h025,2000,382447.8374133459,304529.26184828894,35.0
h025,2001,506562.14644885797,300526.5506189546,35.0
h025,2002,403000.99907208356,306749.66681943403,35.0
h025,2003,251886.1877259119,303371.3994524037,35.0
h025,2004,456667.8982090947,304239.4623064567,35.0
h025,2005,395753.9396790413,294555.5446397463,35.0
h025,2006,417762.60908745986,294329.3893405462,35.0
h025,2007,339476.2681568087,303899.5382663377,35.0
h025,2008,552736.4161082334,305443.67073315365,35.0
h025,2009,483740.3666388917,292572.2642422874,35.0
h026,2000,458878.2781307167,306864.4517692908,35.0
h026,2001,388662.800112607,307537.41222223465,35.0
h026,2002,463560.44620320847,300456.2423724326,35.0
h026,2003,472042.3432885717,299524.1021529269,35.0
h026,2004,475082.9250030114,307973.8188221629,35.0
h026,2005,506111.3332893291,304721.207806569,35.0
h026,2006,357407.2334304993,304572.0652828819,35.0
h026,2007,535808.8781162029,293016.7489111406,35.0
h026,2008,339711.85006187897,321919.2382571437,35.0
h026,2009,475951.88324330415,287531.19293391117,35.0
h027,2000,426721.626104014,304889.13603974134,35.0
h027,2001,476315.9744023699,308353.3606675367,35.0
h027,2002,206404.06564504435,324563.6909536893,35.0
h027,2003,644104.5385185112,291374.69696162466,35.0
h027,2004,282858.85492863343,299872.58610140975,35.0
h027,2005,343858.073653022,302267.80182968645,35.0
h027,2006,336825.996780971,305665.7026290844,35.0
h027,2007,413782.84724492166,300443.51301471755,35.0
h027,2008,462492.7029266666,284966.99187796115,35.0
h027,2009,444355.21729416866,291361.7765877823,35.0
h028,2000,525291.9283154974,310075.7146538089,35.0
h028,2001,567244.7110750525,291030.42573243025,35.0
h028,2002,595761.093016786,297540.5167524859,35.0
h028,2003,466295.2055706645,316064.8963161685,35.0
h028,2004,505720.18440135865,297935.4357450964,35.0
h028,2005,512346.7486834084,310994.74153049634,35.0
h028,2006,459939.10529273556,287583.3716929682,35.0
h028,2007,369206.9953758775,314344.30533624854,35.0
h028,2008,409344.6242599828,319514.4691433661,35.0
h028,2009,388939.0344098966,298491.9773406145,35.0
h029,2000,559285.7817086038,308959.45825744525,35.0
h029,2001,677676.6573080253,294378.7255555255,35.0
h029,2002,598850.6701944083,292228.7953793843,35.0
h029,2003,329633.69770789,326195.37335972424,35.0
h029,2004,523009.99068615003,300272.2313771415,35.0
h029,2005,272748.8688690583,330804.45245622715,35.0
h029,2006,387734.58308628213,302424.9222642425,35.0
h029,2007,476532.4602653227,309214.9338309894,35.0
h029,2008,351659.7487438056,315689.0549717073,35.0
h029,2009,393086.45971681864,306981.8041346511,35.0
h030,2000,440384.6559617069,298769.97333929094,35.0
h030,2001,345889.5253651707,309630.29660960735,35.0
h030,2002,464757.9493310758,292193.4255205545,35.0
h030,2003,411439.41834099684,302857.14611256437,35.0
h030,2004,389668.7456383555,318035.92296739045,35.0
h030,2005,468552.167235462,304639.23396741506,35.0
h030,2006,328617.63204424526,324769.7328093245,35.0
h030,2007,388763.44585678,314378.3423994856,35.0
h030,2008,390535.2218296342,294476.97776136757,35.0
h030,2009,506434.7421492533,301511.51259709615,35.0
h031,2000,344957.66045822937,306747.2412833434,35.0
h031,2001,523535.33197809284,297366.2456384665,35.0
h031,2002,496776.8122277982,302302.10888686014,35.0
h031,2003,287832.50120204873,297070.0039910574,35.0
h031,2004,519627.91307441314,297209.11884422903,35.0
h031,2005,269709.3761670175,308456.8320481277,35.0
h031,2006,461143.88279771403,298390.6335028496,35.0
h031,2007,454134.7851082437,292479.1960276819,35.0
h031,2008,144249.4001698334,310905.89867140335,35.0
h031,2009,441431.7842721635,290183.0352431785,35.0
h032,2000,413232.1023881828,294184.35717237846,35.0
h032,2001,277694.85598453187,313889.9824248358,35.0
h032,2002,407697.0853129548,299825.2636178944,35.0
h032,2003,347768.2930139062,304243.6542987713,35.0
h032,2004,329832.14500857535,306152.7868514021,35.0
h032,2005,381203.1345273579,293044.5072830209,35.0
h032,2006,458342.0241058666,294968.5499657828,35.0
h032,2007,291558.0580276955,319387.64009963593,35.0
h032,2008,516120.59232111217,289506.4667266834,35.0
h032,2009,432326.13451734564,306185.12065591675,35.0
h033,2000,417315.2075501284,317030.38587624085,35.0
h033,2001,292507.92486036423,310550.6098770127,35.0
h033,2002,428438.9821058979,302979.0497031516,35.0
h033,2003,385380.9264979315,305021.3342625744,35.0
h033,2004,561956.9120581074,290960.84269275155,35.0
h033,2005,407258.89704612485,309782.6019260891,35.0
h033,2006,394813.1683857171,296722.22455883224,35.0
h033,2007,315137.1909721427,312534.6755494274,35.0
h033,2008,459824.23480525875,302187.43338992924,35.0
h033,2009,436702.9074781396,288605.17982859595,35.0
h034,2000,464919.99389920704,306101.82289412495,35.0
h034,2001,548856.2962091615,291977.2565332673,35.0
h034,2002,434629.5146194411,293277.02123148553,35.0
h034,2003,284547.545343628,305934.84573053237,35.0
h034,2004,492517.4678238443,308773.11307008256,35.0
h034,2005,588993.5917862398,296186.95359805546,35.0
h034,2006,518160.8072495598,307452.2450287271,35.0
h034,2007,247591.82048727424,296749.0807936572,35.0
h034,2008,418288.3957203008,301453.89079365396,35.0
h034,2009,308939.41369724437,294663.1488974597,35.0
h035,2000,435306.2378717746,305257.46193445445,35.0
h035,2001,401633.5951095297,302116.6163313828,35.0
h035,2002,236269.65677461153,304889.93481886183,35.0
h035,2003,359954.72971691086,297020.3973419153,35.0
h035,2004,324047.54997476714,320731.4463917199,35.0
h035,2005,289263.41758447833,307926.7530682065,35.0
h035,2006,368166.0370901884,316598.11670551874,35.0
h035,2007,398891.07387591334,306844.1452502495,35.0
h035,2008,518804.6118330592,306288.88406342425,35.0
h035,2009,494252.05181667546,287574.9811236986,35.0
h036,2000,312496.34269242163,312507.9487562207,35.0
h036,2001,343398.0088597093,330958.7266761743,35.0
h036,2002,484028.88413993263,297993.6166591264,35.0
h036,2003,348937.1723565966,314442.68849467963,35.0
h036,2004,447980.3315644777,296352.01373060147,35.0
h036,2005,315497.2378812213,298714.8113801776,35.0
h036,2006,389325.79970426124,300819.21458802,35.0
h036,2007,331508.43228419626,310627.61248043424,35.0
h036,2008,337510.77046675124,313286.37721922796,35.0
h036,2009,314504.12717165914,308281.75883710536,35.0
h037,2000,319556.91304634593,326575.8758141491,35.0
h037,2001,379660.7832429455,296288.37720970035,35.0
h037,2002,330244.377212399,315927.1424589859,35.0
h037,2003,315218.7240760623,302576.0114475527,35.0
h037,2004,366103.445823318,310953.62650344486,35.0
h037,2005,405754.1067120039,304283.7901747071,35.0
h037,2006,438448.0434751332,302190.6177886411,35.0
h037,2007,391801.6249227387,302252.65902312216,35.0
h037,2008,477998.4737529507,300266.50061047875,35.0
h037,2009,455929.87155064824,294239.2779093249,35.0
h038,2000,332542.70489103784,302971.2052152206,35.0
h038,2001,553482.6941378728,293025.08688218263,35.0
h038,2002,381745.7303033671,321957.78263648105,35.0
h038,2003,208053.24811926624,322364.2448973727,35.0
h038,2004,369152.2662249645,308035.6301506769,35.0
h038,2005,317932.04471340246,303897.5438662624,35.0
h038,2006,470196.74799609784,293867.0974204068,35.0
h038,2007,386844.7733426748,287957.8057682411,35.0
h038,2008,480187.7198527694,285780.3694901267,35.0
h038,2009,462941.7506596642,293772.05878758244,35.0
h039,2000,433725.1955502138,297572.0347090422,35.0
h039,2001,414422.7211249294,300220.2898970104,35.0
h039,2002,457194.74344107625,308058.2750184329,35.0
h039,2003,602454.0199170231,275842.1522292444,35.0
h039,2004,387812.9569316769,308196.50071933505,35.0
h039,2005,398016.81297607324,306431.2900710861,35.0
h039,2006,375446.2365271497,301672.75824230217,35.0
h039,2007,338200.7210342663,299117.1105842449,35.0
h039,2008,449615.7470697721,304818.4085965317,35.0
h039,2009,308786.81663467886,305931.5431922144,35.0
h040,2000,377552.46857522114,315386.06284586026,35.0
h040,2001,458827.7142513475,300371.50347979856,35.0
h040,2002,276276.5568571987,303671.6743137865,35.0
h040,2003,561448.1068500514,298070.9098659319,35.0
h040,2004,467761.06086384197,314799.9130898044,35.0
h040,2005,313525.1329042533,298271.13545966527,35.0
h040,2006,552432.9293860084,303926.7288432784,35.0
h040,2007,579404.6371142028,294874.72957264876,35.0
h040,2008,357253.92518242873,314377.77186747955,35.0
h040,2009,627635.3683007292,288474.5222645627,35.0
h041,2000,310855.92346872966,284115.015247762,35.0
h041,2001,471581.3407895154,312795.35528471903,35.0
h041,2002,499717.3232701501,304149.1613351856,35.0
h041,2003,469424.8017995218,308300.4274806462,35.0
h041,2004,502756.9685027785,329125.03280495113,35.0
h041,2005,608439.2573927478,289354.40531233954,35.0
h041,2006,346283.8910545066,314918.5633861587,35.0
h041,2007,591326.3779762345,303969.53573380416,35.0
h041,2008,371262.6311115945,290059.7804623966,35.0
h041,2009,209611.4515221494,311939.4457124484,35.0
h042,2000,466596.7775305105,307190.8812367415,35.0
h042,2001,400324.2613435315,285744.1054986551,35.0
h042,2002,342334.3591770631,318071.79689055285,35.0
h042,2003,472282.226010939,302893.44431462977,35.0
h042,2004,433038.27037707565,305963.88955249457,35.0
h042,2005,355897.3184178445,309669.3150600108,35.0
h042,2006,587594.3372968439,301627.2789609315,35.0
h042,2007,319040.66449215077,320249.64973130316,35.0
h042,2008,391321.59899469867,304499.4650442719,35.0
h042,2009,470121.7883666061,303028.95119820174,35.0
h043,2000,330289.0304926113,305108.75058264914,35.0
h043,2001,418009.9350263305,308486.75083851157,35.0
h043,2002,393236.30946807604,305105.47323403857,35.0
h043,2003,557623.5703289331,301766.73164315807,35.0
h043,2004,350690.50498312176,298719.83815615094,35.0
h043,2005,590393.2327178565,299086.39429207356,35.0
h043,2006,556308.4747845916,311072.0811771416,35.0
h043,2007,265836.87069959834,320897.5214686269,35.0
h043,2008,375804.25873830606,318996.38756493694,35.0
h043,2009,322205.69865014486,311188.95423858607,35.0
h044,2000,424536.3233108082,295401.181367486,35.0
h044,2001,329247.7733341824,291746.4252978802,35.0
h044,2002,351097.2249495145,307480.4447715556,35.0
h044,2003,443239.4835450748,302006.61539479875,35.0
h044,2004,341922.40216755646,306452.74024816335,35.0
h044,2005,613686.2212038666,284188.0030644491,35.0
h044,2006,502483.7992215629,293228.0709557744,35.0
h044,2007,515073.1915744803,305817.73345266015,35.0
h044,2008,390495.6772199639,303362.44013281993,35.0
h044,2009,409508.5304473154,297063.0605381239,35.0
h045,2000,358374.5130584732,312160.0538513185,35.0
h045,2001,306982.42819835973,313883.8147432529,35.0
h045,2002,647629.3222802108,290782.43036539,35.0
h045,2003,486972.5540469678,320276.77952570963,35.0
h045,2004,514044.9610924533,284991.740235095,35.0
h045,2005,346812.52496307716,315822.9368494154,35.0
h045,2006,278360.1637311795,331198.60060610686,35.0
h045,2007,517110.9396802192,303799.6638652783,35.0
h045,2008,417412.91502460436,294226.5224839281,35.0
h045,2009,324651.7176534011,319449.86216685997,35.0
h046,2000,314377.44783950516,318465.17015971453,35.0
h046,2001,312268.7819195836,307653.1730720539,35.0
h046,2002,350389.71687484137,316573.94973195874,35.0
h046,2003,405299.090708303,319722.20299901685,35.0
h046,2004,337028.9483993093,316858.1487147562,35.0
h046,2005,461222.481001362,298924.87387336505,35.0
h046,2006,508258.3178467586,303325.22941653256,35.0
h046,2007,367256.5756563497,306040.5989306301,35.0
h046,2008,331828.626611704,299866.11013223697,35.0
h046,2009,423019.38073843106,314570.4668117566,35.0
h047,2000,351744.56194927526,306662.2247285884,35.0
h047,2001,470389.7493676986,314378.06762905046,35.0
h047,2002,448466.62121863366,319780.596154577,35.0
h047,2003,368951.46533664316,311668.5789861037,35.0
h047,2004,354924.33603646856,303982.88148073945,35.0
h047,2005,405500.0545118527,305596.48093715066,35.0
h047,2006,400421.02813230414,292960.26171545405,35.0
h047,2007,477692.9558326379,301298.29181200237,35.0
h047,2008,221640.33168153625,299183.12372529437,35.0
h047,2009,338515.4386232021,314302.7688504045,35.0
h048,2000,435270.98845533154,295676.95840332354,35.0
h048,2001,474183.5602718449,308048.0655737644,35.0
h048,2002,496747.22271151654,307448.86665312113,35.0
h048,2003,438752.71606806724,318833.1798817313,35.0
h048,2004,540851.314279351,304161.7860717409,35.0
h048,2005,362091.69099689514,310270.42178958387,35.0
h048,2006,522405.6605535236,309070.1702397813,35.0
h048,2007,374666.18792630517,306032.183992629,35.0
h048,2008,530685.8335357923,304973.05240341433,35.0
h048,2009,428248.7110810203,308654.0378398377,35.0
h049,2000,396743.41247615375,313556.69398646505,35.0
h049,2001,488640.63828650885,298878.2359580076,35.0
h049,2002,474972.8139342926,296268.56835275644,35.0
h049,2003,365012.4826755076,309975.40285298956,35.0
h049,2004,432310.0255713289,294890.7264308087,35.0
h049,2005,469249.22865873936,291178.9965634729,35.0
h049,2006,417752.0633540649,302671.48110026703,35.0
h049,2007,383895.1122461425,302814.2773197676,35.0
h049,2008,295728.04034931556,299599.6212212324,35.0
h049,2009,401895.38884826493,274645.3983761413,35.0
h050,2000,293779.7947084341,308022.6212982532,35.0
h050,2001,513037.540148205,304209.9070302332,35.0
h050,2002,525227.2800544304,297163.86724734685,35.0
h050,2003,317824.57959589956,320385.7590742562,35.0
h050,2004,569945.1761580172,299370.88490589877,35.0
h050,2005,341877.704850271,308748.33985573915,35.0
h050,2006,458436.2698339243,309142.83624075627,35.0
h050,2007,448706.2596622439,296274.0205475683,35.0
h050,2008,542112.4305137031,293135.14099191263,35.0
h050,2009,401464.4258304512,324383.9443775685,35.0
h051,2000,496547.6276134019,311783.95819987945,35.0
h051,2001,411679.51966787624,306641.83312498487,35.0
h051,2002,506064.71490419714,291916.93530034815,35.0
h051,2003,434510.21116886125,301913.5810815192,35.0
h051,2004,505870.6943814791,296965.6947880609,35.0
h051,2005,476179.3294552745,303940.7433800482,35.0
h051,2006,384443.37239722477,316166.0782908381,35.0
h051,2007,459838.8057597404,315658.25455047656,35.0
h051,2008,397049.1391830289,325630.9872049572,35.0
h051,2009,248346.88248360474,294437.6431939589,35.0
h052,2000,373993.4602192731,297933.3917019761,35.0
h052,2001,323403.50226563035,308712.88178093417,35.0
h052,2002,346939.9317197626,319602.66245037486,35.0
h052,2003,410670.5709275194,300582.3378470742,35.0
h052,2004,565146.6722340827,320229.9767573712,35.0
h052,2005,315242.91387771245,316336.19628886174,35.0
h052,2006,329080.2918196885,310554.26625130756,35.0
h052,2007,467376.974501841,300296.993963353,35.0
h052,2008,642434.9949907116,293757.1756795839,35.0
h052,2009,500151.5781960685,294707.0241931062,35.0
h053,2000,420602.55202382617,312798.9917833141,35.0
h053,2001,317516.7568356626,320248.69676834863,35.0
h053,2002,356528.4344345802,323535.7012723943,35.0
h053,2003,533036.4471243306,319271.3307201882,35.0
h053,2004,243410.93210170735,328163.49982185184,35.0
h053,2005,383952.6629758043,315606.26193211204,35.0
h053,2006,341407.9987060845,319961.4805086962,35.0
h053,2007,452180.48386880965,314041.2128321037,35.0
h053,2008,477152.8221874095,315413.53281771694,35.0
h053,2009,247487.18773839288,308479.4591916748,35.0
h054,2000,320947.6668603938,296988.48566858924,35.0
h054,2001,503249.1008695248,302858.2793773364,35.0
h054,2002,541664.527868643,304544.5456221182,35.0
h054,2003,313756.44126175117,308592.6416220338,35.0
h054,2004,620927.2977578586,300196.53308005823,35.0
h054,2005,517758.49728670233,323596.9647611901,35.0
h054,2006,465561.5278435937,301125.324669472,35.0
h054,2007,365233.75459109433,311969.3951671637,35.0
h054,2008,444234.24220086995,324434.02048807975,35.0
h054,2009,469746.82666306535,305624.8450074414,35.0
h055,2000,406004.6262305461,308330.09378052223,35.0
h055,2001,377411.7470930308,302648.05926973943,35.0
h055,2002,515741.35590306466,294496.5035850777,35.0
h055,2003,341379.88867089,338541.70408235386,35.0
h055,2004,397525.7322347454,321246.0589744687,35.0
h055,2005,495380.59320603654,290147.56099962106,35.0
h055,2006,434073.58774111763,306980.3505547196,35.0
h055,2007,585477.4091152127,299111.46861912904,35.0
h055,2008,477654.357200568,313250.6486537002,35.0
h055,2009,483183.4897797431,309115.1356201962,35.0
h056,2000,355570.7093451684,324886.75084928743,35.0
h056,2001,442908.6206622914,294626.0069392327,35.0
h056,2002,303636.81206003006,319985.9018353553,35.0
h056,2003,385601.2530276357,312540.0233990693,35.0
h056,2004,304095.99453341006,337154.13677773735,35.0
h056,2005,292966.5851242859,342136.22998793324,35.0
h056,2006,310213.7745685708,325306.8417463552,35.0
h056,2007,508760.3767995411,317068.39035681693,35.0
h056,2008,379206.46285780333,303817.5087824905,35.0
h056,2009,492901.78187326586,295955.12543987844,35.0
h057,2000,407888.587188785,303604.4186782114,35.0
h057,2001,494906.35393810243,294409.18296114035,35.0
h057,2002,477175.21668829286,322119.82774811605,35.0
h057,2003,543526.9331516653,279682.84198803565,35.0
h057,2004,555804.2752056677,294970.59635619423,35.0
h057,2005,382317.17603045143,318561.6305597267,35.0
h057,2006,559028.1871001017,299925.64475289674,35.0
h057,2007,327551.5057117465,308146.5839730315,35.0
h057,2008,405670.1705966353,318128.67419026763,35.0
h057,2009,445095.4680946572,297951.1928083241,35.0
h058,2000,442002.5333213356,290864.091490124,35.0
h058,2001,551440.6815536192,300690.0019967509,35.0
h058,2002,289048.744795965,351714.2879967948,35.0
h058,2003,300197.6398360421,319422.7137153339,35.0
h058,2004,341617.52915184275,316281.54340530495,35.0
h058,2005,556313.5478401718,304545.62326829095,35.0
h058,2006,489311.93652072456,298777.8427080533,35.0
h058,2007,319483.69276763743,306547.551587576,35.0
h058,2008,501640.619474375,305380.74201342755,35.0
h058,2009,316866.20360844093,304314.61371114355,35.0
h059,2000,306320.4140356482,319400.26326717896,35.0
h059,2001,394530.6417210693,294658.8876002821,35.0
h059,2002,364134.2630230501,317945.774560079,35.0
h059,2003,334422.8683840821,321218.4699190527,35.0
h059,2004,267596.59075280325,312147.9679347951,35.0
h059,2005,440305.26356863766,290133.33161466825,35.0
h059,2006,409564.8063395493,302028.79161431943,35.0
h059,2007,501785.3977540235,288384.60636784567,35.0
h059,2008,498533.19644132425,304783.19449285866,35.0
h059,2009,475450.5354616355,310586.21670952835,35.0
h060,2000,419875.7849208965,325879.94086786435,35.0
h060,2001,343154.23003152537,307234.7954072518,35.0
h060,2002,362808.241503369,305360.9261154201,35.0
h060,2003,438864.36466233985,311617.5958507441,35.0
h060,2004,424837.4833095461,309811.3192265619,35.0
h060,2005,455217.5773666038,296773.0801793147,35.0
h060,2006,479858.31295952125,308361.7795240581,35.0
h060,2007,542784.5784197517,300761.47601617663,35.0
h060,2008,606778.08566137,298821.47813472344,35.0
h060,2009,391428.38742099365,314281.3702346519,35.0
h061,2000,312112.27219642885,334595.1099685069,35.0
h061,2001,377015.3823879348,324657.081248171,35.0
h061,2002,365147.49669582886,291690.3751563003,35.0
h061,2003,252669.6247952943,312407.0241933324,35.0
h061,2004,310154.3587897276,305365.7065765582,35.0
h061,2005,490796.6343631519,295511.9508177778,35.0
h061,2006,369944.92293398944,314356.7272172632,35.0
h061,2007,508320.9801712505,292515.9092272314,35.0
h061,2008,373996.44030332385,300463.38852446456,35.0
h061,2009,184851.72334080603,315448.454207918,35.0
h062,2000,452535.6927456998,327946.14141711075,35.0
h062,2001,555806.4166591335,306692.5727866403,35.0
h062,2002,438117.02197393216,317074.1951992216,35.0
h062,2003,330240.78602651117,331361.7937005934,35.0
h062,2004,351620.145520592,319458.46236603154,35.0
h062,2005,530153.5602607882,299680.87812154077,35.0
h062,2006,458103.21292783663,312457.6721797841,35.0
h062,2007,432784.4414742741,300411.5705920996,35.0
h062,2008,375765.9073986157,310616.5629479786,35.0
h062,2009,521567.0351875504,303361.3257123146,35.0
h063,2000,383604.99700477405,314272.6636573888,35.0
h063,2001,261751.297659947,315836.14558187034,35.0
h063,2002,486646.7459119918,308817.77650955017,35.0
h063,2003,329978.92556918476,327826.28946508624,35.0
h063,2004,543831.0295252133,313856.96011197637,35.0
h063,2005,490057.34493400506,295249.8058063239,35.0
h063,2006,493742.72526781145,295165.8951829962,35.0
h063,2007,244566.6028170677,314138.71882344526,35.0
h063,2008,408315.7537675743,304258.8491692652,35.0
h063,2009,380033.81829110597,301658.91872777126,35.0
h064,2000,434017.98159739614,327198.0245752849,35.0
h064,2001,419589.6918195792,336200.850469121,35.0
h064,2002,451973.23370307445,314234.5741187757,35.0
h064,2003,384496.4680871116,317923.57682074106,35.0
h064,2004,421649.5018155748,310799.8459442004,35.0
h064,2005,391517.9105866167,316492.9394438002,35.0
h064,2006,390921.2941735116,313450.283675244,35.0
h064,2007,654286.6836693804,285839.82179365505,35.0
h064,2008,441387.5992702491,316765.2647892875,35.0
h064,2009,559443.7345044912,293255.0292271414,35.0
h065,2000,436539.369654371,317146.2591470416,35.0
h065,2001,505690.74790655443,303390.1513181023,35.0
h065,2002,457529.5087310236,318161.3565445497,35.0
h065,2003,453912.7399384921,289091.26951968024,35.0
h065,2004,433350.81465664343,303439.11726157647,35.0
h065,2005,568969.0433116003,302079.160648233,35.0
h065,2006,567836.625591739,286488.0773842564,35.0
h065,2007,390313.6109767582,299819.63181037735,35.0
h065,2008,565771.1863366083,301053.24274295167,35.0
h065,2009,473791.10344101395,315061.5262636498,35.0
h066,2000,325441.0675693343,328549.5440628744,35.0
h066,2001,436362.07421233115,309096.20791280456,35.0
h066,2002,519385.98360778776,307128.1870973787,35.0
h066,2003,327728.0926894136,331878.07226678927,35.0
h066,2004,469250.64353373065,292357.9514063703,35.0
h066,2005,561233.6089440024,305489.28042782244,35.0
h066,2006,527569.82831111,301021.11935824325,35.0
h066,2007,458565.93193670246,316630.42904541723,35.0
h066,2008,390488.74018735735,307204.98865261156,35.0
h066,2009,368556.75418275775,307213.4960038158,35.0
h067,2000,393485.1319556507,323919.7270001977,35.0
h067,2001,473463.3846493136,314581.19493329676,35.0
h067,2002,442365.3908308468,305349.0394406265,35.0
h067,2003,328069.11646121106,311310.582945085,35.0
h067,2004,510742.2454677308,295551.6287854298,35.0
h067,2005,471325.81534779153,320330.48892329814,35.0
h067,2006,205092.99423340632,303994.9119257858,35.0
h067,2007,396163.93626731506,298652.6077760665,35.0
h067,2008,436611.9385224641,300656.19276577345,35.0
h067,2009,394551.182956284,332807.275941603,35.0
h068,2000,420726.001825885,327861.5721448939,35.0
h068,2001,375182.86774164264,315918.84311640344,35.0
h068,2002,443253.3284780586,309726.5340689018,35.0
h068,2003,553211.6611969984,308621.28281390737,35.0
h068,2004,399219.7463841,299461.5648051368,35.0
h068,2005,311695.05971278436,302124.18214570335,35.0
h068,2006,314669.02430536813,307251.1865666199,35.0
h068,2007,592391.1195504894,296102.27235057246,35.0
h068,2008,337679.6381764831,306956.7547184059,35.0
h068,2009,482053.32112879347,321421.8729704953,35.0
h069,2000,302432.1419126497,332419.8561841291,35.0
h069,2001,391177.64010626555,306025.24153442326,35.0
h069,2002,395489.4408357751,313387.567209705,35.0
h069,2003,298871.42443123827,302352.9516736506,35.0
h069,2004,316900.02129476407,309952.24444310885,35.0
h069,2005,191492.3084606515,312688.5000039875,35.0
h069,2006,361758.7087540016,312168.87252349,35.0
h069,2007,366235.606496791,312803.43420335534,35.0
h069,2008,441691.72955818684,309079.7250017507,35.0
h069,2009,407280.7778908179,313532.41351976345,35.0
h070,2000,556791.4466350649,291889.3909409078,35.0
h070,2001,357324.22329823324,319525.47854951123,35.0
h070,2002,382603.0180253665,295844.87449749,35.0
h070,2003,431630.1742608723,286635.2198108943,35.0
h070,2004,484723.6955857988,293041.9245622655,35.0
h070,2005,451086.16613079794,299793.3363385872,35.0
h070,2006,418738.39148035995,303396.93565935304,35.0
h070,2007,666349.1591470179,286757.83240194357,35.0
h070,2008,452279.862775823,292748.6733131009,35.0
h070,2009,454524.7815065368,289412.80442885833,35.0
h071,2000,625656.3533113569,282849.1109845809,35.0
h071,2001,568370.1568953189,306731.72671474813,35.0
h071,2002,388529.0206775625,291881.78824932413,35.0
h071,2003,571177.2130345433,286368.6647337162,35.0
h071,2004,430050.34693594533,290313.7839614596,35.0
h071,2005,583173.1588190404,298170.88235343964,35.0
h071,2006,455936.36749458336,293883.0077234012,35.0
h071,2007,285230.8920685496,301660.03951473534,35.0
h071,2008,439351.8791645464,301973.8774016854,35.0
h071,2009,244794.51594618306,321248.7842137105,35.0
h072,2000,430369.9376491228,295117.3103270691,35.0
h072,2001,555071.002113396,291677.4118702243,35.0
h072,2002,474951.56644214306,304907.7773250599,35.0
h072,2003,546078.3309771395,291854.8129906363,35.0
h072,2004,456021.79424329236,315649.249369248,35.0
h072,2005,346571.0132570967,316293.59062405623,35.0
h072,2006,527506.3523419808,305834.71706180373,35.0
h072,2007,199509.241759174,309913.5647311984,35.0
h072,2008,512366.60869781947,299016.5322495292,35.0
h072,2009,328203.7934046558,310689.6384524988,35.0
h073,2000,483700.77362383646,299545.12306773674,35.0
h073,2001,415087.46589336323,302377.0472082093,35.0
h073,2002,556205.7210872945,302206.24247722735,35.0
h073,2003,319665.1595757723,306057.9174245765,35.0
h073,2004,509766.6679998497,304341.2661882062,35.0
h073,2005,407985.24922371627,293474.5351931417,35.0
h073,2006,317485.6155329982,295448.3409387549,35.0
h073,2007,701826.4555822525,282854.6726020175,35.0
h073,2008,363618.52481533884,301717.238197337,35.0
h073,2009,454098.33505179116,294168.745045686,35.0
h074,2000,580037.1769695575,284162.46157969884,35.0
h074,2001,539237.7853804919,290608.7225252922,35.0
h074,2002,296917.28504024365,309057.9214155655,35.0
h074,2003,271157.5998103864,310629.80350155215,35.0
h074,2004,425865.0884203248,290254.45514982566,35.0
h074,2005,444145.4822032983,303381.7251391932,35.0
h074,2006,366187.87836360076,301312.829008091,35.0
h074,2007,273661.81541204633,312768.9147981464,35.0
h074,2008,417735.9448676506,303650.09920050454,35.0
h074,2009,596673.8666533825,288578.8873561239,35.0
h075,2000,540818.9369693284,284540.46120308776,35.0
h075,2001,510067.43982017186,290876.95604682673,35.0
h075,2002,236689.16043455683,295249.64416235936,35.0
h075,2003,376752.4291264048,304822.4281969788,35.0
h075,2004,387207.28814575786,299642.84335580457,35.0
h075,2005,405098.35915755824,306874.33179167623,35.0
h075,2006,271129.5129706583,305509.21501577774,35.0
h075,2007,462492.2419016339,304339.17224050465,35.0
h075,2008,405917.68110468076,301322.5314401897,35.0
h075,2009,331419.5675827576,297130.45793440286,35.0
h076,2000,474011.1690938122,285184.2097235431,35.0
h076,2001,373048.6797378847,298787.9922639353,35.0
h076,2002,495522.4408095845,294090.8934759975,35.0
h076,2003,335052.04466813523,306758.77207280544,35.0
h076,2004,528241.7017407739,298692.3792481193,35.0
h076,2005,613915.2707418698,281263.26745266706,35.0
h076,2006,441401.2432631254,288049.28467213834,35.0
h076,2007,446507.8411616929,294669.17978539417,35.0
h076,2008,283573.42549724266,310285.26153237314,35.0
h076,2009,606015.5616951145,292951.39746983326,35.0
h077,2000,387764.82269043464,306161.6512608962,35.0
h077,2001,662362.1986258605,303538.238232456,35.0
h077,2002,476509.61864450615,293820.22245276655,35.0
h077,2003,506358.1471848272,302105.6007833071,35.0
h077,2004,367191.193530038,319778.35174124973,35.0
h077,2005,377352.316141223,301348.47412663774,35.0
h077,2006,478147.4930779535,311410.35414733994,35.0
h077,2007,273678.6590180839,311199.36839022423,35.0
h077,2008,529823.4496265813,297079.383640413,35.0
h077,2009,409837.5492256493,296387.5639251328,35.0
h078,2000,353039.41269924474,307251.8713889928,35.0
h078,2001,376514.6687375434,294590.48818480776,35.0
h078,2002,387311.57433798356,290981.1933771284,35.0
h078,2003,336025.37614160846,313812.0351354756,35.0
h078,2004,463259.75366004783,291002.95494708937,35.0
h078,2005,249896.8572299459,315134.90284579835,35.0
h078,2006,466794.8590960884,284618.6636944448,35.0
h078,2007,467539.0814869487,300643.8737112967,35.0
h078,2008,333586.30072771484,293471.22549669794,35.0
h078,2009,277077.1598705979,287647.7201973253,35.0
h079,2000,482822.11886089353,305720.78219511075,35.0
h079,2001,467414.56497019925,296282.55836566555,35.0
h079,2002,498143.13794933783,296248.2778892698,35.0
h079,2003,341086.27758920245,305150.0031941301,35.0
h079,2004,419295.4747883149,296913.1744964681,35.0
h079,2005,491815.7953804767,297240.9139980174,35.0
h079,2006,420576.47378034174,293920.9533686352,35.0
h079,2007,489237.00778811483,305525.65913052735,35.0
h079,2008,316384.8312620699,303964.2992176944,35.0
h079,2009,468133.4419031453,305891.96497431624,35.0
h080,2000,403715.5455395429,299587.8050037681,35.0
h080,2001,513279.49762804195,307968.66093256883,35.0
h080,2002,342092.40690167784,314479.50923519523,35.0
h080,2003,385077.77268114494,300602.7087416414,35.0
h080,2004,343147.73634472385,300497.9228134259,35.0
h080,2005,451564.8735570733,314401.01224527485,35.0
h080,2006,522803.3399950978,297796.4583939237,35.0
h080,2007,486221.80278144224,295773.0710224532,35.0
h080,2008,258620.3880353486,314073.2677138036,35.0
h080,2009,578898.299759828,297453.4496274193,35.0
h081,2000,325107.2288471292,324479.6933348871,35.0
h081,2001,382346.21178741043,316990.4840146656,35.0
h081,2002,579517.3158642804,301200.8379484961,35.0
h081,2003,574552.735279141,298791.47873628855,35.0
h081,2004,478055.40011588536,290513.5560680035,35.0
h081,2005,268601.46782388614,317339.4609152678,35.0
h081,2006,542015.4641963335,291909.19634768367,35.0
h081,2007,509931.62277969444,297334.18942735146,35.0
h081,2008,516780.2058845249,287448.68791128666,35.0
h081,2009,364007.91629063984,290148.3684811829,35.0
h082,2000,587899.7351864392,293900.78394815116,35.0
h082,2001,445792.72180938744,300637.0302719346,35.0
h082,2002,448678.0122170021,287248.96383314073,35.0
h082,2003,414459.6597104868,301227.4095453318,35.0
h082,2004,437870.6673514932,290426.3752723157,35.0
h082,2005,342570.15753411537,297886.2402800244,35.0
h082,2006,449495.24605649564,292388.937507897,35.0
h082,2007,386042.5899384544,299390.6924436527,35.0
h082,2008,319379.35317221197,311908.1485928537,35.0
h082,2009,534254.4579104977,295928.03131298657,35.0
h083,2000,450746.71916209883,307540.03204654966,35.0
h083,2001,249857.82462414904,305446.52098624024,35.0
h083,2002,427879.3762504479,296177.5749095218,35.0
h083,2003,558604.6986414785,298019.2586315807,35.0
h083,2004,245719.54589284913,301542.60450259096,35.0
h083,2005,442588.92986807856,302409.9265624664,35.0
h083,2006,352568.6161386453,296692.9898210719,35.0
h083,2007,390501.6434439663,308125.6541240002,35.0
h083,2008,284900.3758875489,300218.72398535546,35.0
h083,2009,450624.91923399933,278714.2588414687,35.0
h084,2000,450156.8271169581,295949.0175114776,35.0
h084,2001,358985.7769414932,303639.96869540133,35.0
h084,2002,472042.181870404,291725.1982568925,35.0
h084,2003,316553.73632522405,306882.5303444407,35.0
h084,2004,406563.19396409247,288604.8982475797,35.0
h084,2005,573439.4317397495,284891.02673398674,35.0
h084,2006,314652.2010044642,309576.72409658984,35.0
h084,2007,395134.98543843656,308932.0294501744,35.0
h084,2008,348749.6527214104,307331.80996096594,35.0
h084,2009,436908.60359523405,285573.43427987845,35.0
h085,2000,454875.1339722291,305320.87162675767,35.0
h085,2001,144475.06888991388,336269.8528833225,35.0
h085,2002,529687.4545889581,289273.70152373065,35.0
h085,2003,411226.0054193405,296903.4389687515,35.0
h085,2004,431143.0193474511,302435.0874879032,35.0
h085,2005,284414.93656359793,308324.53315274237,35.0
h085,2006,463932.4027230411,297416.90368744277,35.0
h085,2007,400074.83546953916,285492.56168315926,35.0
h085,2008,453733.3405088975,295361.4347296611,35.0
h085,2009,365635.08253264055,292778.4478653142,35.0
h086,2000,549037.613183825,298963.0201377094,35.0
h086,2001,612120.80730509,287888.5774156694,35.0
h086,2002,318935.3397726261,298452.25170900923,35.0
h086,2003,386190.9218605373,304393.67180598766,35.0
h086,2004,360720.1790990226,294692.43493077514,35.0
h086,2005,311945.74402810656,319037.28991591366,35.0
h086,2006,451172.18958824966,298844.1464121603,35.0
h086,2007,264543.2446238414,310287.96225332987,35.0
h086,2008,583569.1499373154,286921.1614434756,35.0
h086,2009,389258.75463353965,301279.15952275426,35.0
h087,2000,420376.3004447045,310778.24839120556,35.0
h087,2001,267468.37111473235,304256.93335851247,35.0
h087,2002,400629.2889361441,311744.01052044856,35.0
h087,2003,453162.56926383835,296275.9020155602,35.0
h087,2004,309675.98096252495,320886.93305329676,35.0
h087,2005,410865.3827438827,290977.11368336587,35.0
h087,2006,189192.20703496507,316890.0154970096,35.0
h087,2007,436961.041729515,313763.76897642686,35.0
h087,2008,464706.09683117585,293166.6764208591,35.0
h087,2009,539243.4146150815,293703.35295814485,35.0
h088,2000,560164.7213473412,300991.40066622174,35.0
h088,2001,464389.1376889813,298470.68535416265,35.0
h088,2002,396262.2546463117,307633.53629864077,35.0
h088,2003,436780.6619227518,292325.10828419053,35.0
h088,2004,462939.5599858009,302176.4902602391,35.0
h088,2005,332096.31963467586,294762.581108412,35.0
h088,2006,404179.2784005899,302935.1585708503,35.0
h088,2007,514866.2028364766,311604.76601769525,35.0
h088,2008,543379.2118091595,300612.1065028467,35.0
h088,2009,369998.73791632993,310638.156618466,35.0
h089,2000,426876.3759047506,286746.3569733068,35.0
h089,2001,351005.07900129247,299658.1383839537,35.0
h089,2002,451983.0346389896,299870.33393083804,35.0
h089,2003,329249.48490384285,314478.23935755034,35.0
h089,2004,492932.8109609652,308901.64614766673,35.0
h089,2005,288410.0977753577,310932.46778157074,35.0
h089,2006,444987.5120005775,307269.5230947042,35.0
h089,2007,306526.6736123501,311138.53380660695,35.0
h089,2008,266059.8715499777,323492.99899241497,35.0
h089,2009,593314.013716634,292937.1703887767,35.0
h090,2000,317867.9685197785,324353.7873079954,35.0
h090,2001,541843.3392543413,299967.92011997855,35.0
h090,2002,444114.6587224024,309923.03112811537,35.0
h090,2003,320485.1218233623,307697.46148536925,35.0
h090,2004,600893.1484936016,298498.83431670937,35.0
h090,2005,394281.1478409663,322511.233919624,35.0
h090,2006,409690.01419686974,316204.7879854445,35.0
h090,2007,510151.25696906884,290161.2540278835,35.0
h090,2008,452020.1786175586,306140.3189992661,35.0
h090,2009,457957.3626396091,300604.78369278915,35.0
h091,2000,447939.2869490635,307818.3317174515,35.0
h091,2001,329071.30745788757,321235.71717021137,35.0
h091,2002,442768.3230507346,328680.6645514851,35.0
h091,2003,531855.5740461849,302954.9312559428,35.0
h091,2004,583819.2472741966,301115.0717028225,35.0
h091,2005,512314.20854133955,290630.0004639851,35.0
h091,2006,325272.36154769117,320150.9922633572,35.0
h091,2007,467219.87274348235,307471.18965906533,35.0
h091,2008,377525.26690676087,312985.2234559648,35.0
h091,2009,355954.6217814633,291819.73529034137,35.0
h092,2000,351633.89485805127,322177.9229645554,35.0
h092,2001,353768.98140340525,325252.4419623603,35.0
h092,2002,482606.09385218343,292323.4581127808,35.0
h092,2003,429999.8547382026,312634.06665760756,35.0
h092,2004,377331.1107381543,313889.2839628441,35.0
h092,2005,325439.42841028713,307134.79003153223,35.0
h092,2006,409433.4013279798,308314.55342286,35.0
h092,2007,360526.69881933305,305032.4616251112,35.0
h092,2008,516982.01021828555,300197.57660792046,35.0
h092,2009,417026.7638319459,291392.362432934,35.0
h093,2000,428298.30130918685,307604.613322578,35.0
h093,2001,395335.5235525122,306885.3720606702,35.0
h093,2002,397484.57974051236,314100.9838601997,35.0
h093,2003,532682.4306057489,295494.8726247346,35.0
h093,2004,462114.8836606959,332996.26320796827,35.0
h093,2005,503525.17584250565,302838.2285497831,35.0
h093,2006,419740.4249350981,298360.1306124596,35.0
h093,2007,357194.9345698178,318572.2560886058,35.0
h093,2008,626107.8891423697,290996.81005031907,35.0
h093,2009,465996.89727240894,301802.7819211671,35.0
h094,2000,468447.9403888278,299272.93097770214,35.0
h094,2001,342628.7780782099,314425.75315796636,35.0
h094,2002,536348.4299475005,325468.39509953617,35.0
h094,2003,500731.2774081814,309658.11264228733,35.0
h094,2004,416983.56609215424,308929.92488688545,35.0
h094,2005,440198.47171597,308594.55375136505,35.0
h094,2006,559064.1525122985,291232.70604837773,35.0
h094,2007,464216.1071897688,308566.6532914921,35.0
h094,2008,424913.14037549397,313387.84860888246,35.0
h094,2009,406836.5826677753,299227.35724029265,35.0
h095,2000,466794.63266855536,300474.2444317394,35.0
h095,2001,436142.7920451674,298264.623108859,35.0
h095,2002,290645.69637297245,321222.2150746872,35.0
h095,2003,357851.75156684034,317471.9046183267,35.0
h095,2004,520949.4161508758,308558.79461686674,35.0
h095,2005,579833.2884431967,292796.38102338463,35.0
h095,2006,469786.40762264957,305857.82106299076,35.0
h095,2007,376207.0297312764,314473.47796081577,35.0
h095,2008,294527.45007407345,311964.3328824272,35.0
h095,2009,524450.5947258559,293738.23824588093,35.0
h096,2000,426465.7177749816,309172.7940539406,35.0
h096,2001,315138.7273094337,324940.9483828303,35.0
h096,2002,447241.1219028903,318803.92303335125,35.0
h096,2003,470513.62361589883,322440.29253306956,35.0
h096,2004,350630.95102847053,306257.9605230951,35.0
h096,2005,486623.2556845209,293935.2297557493,35.0
h096,2006,442155.0061780078,298728.7360449684,35.0
h096,2007,259057.16258206093,328566.4013581123,35.0
h096,2008,470610.62938985357,312378.8282757451,35.0
h096,2009,346152.11713783164,302221.5827681094,35.0
h097,2000,494096.6843542469,324843.5615305759,35.0
h097,2001,381290.53453469195,326088.0983069094,35.0
h097,2002,350764.1489183189,307730.2057559315,35.0
h097,2003,328278.45274767414,324634.24405237654,35.0
h097,2004,424197.38833575405,319253.00620821386,35.0
h097,2005,501610.05902421806,302980.4724253355,35.0
h097,2006,420837.9631798184,312243.31103381043,35.0
h097,2007,573147.9884405596,306233.29765639995,35.0
h097,2008,506082.6170915478,306673.438682204,35.0
h097,2009,417523.8270323143,295605.2338351687,35.0
h098,2000,346618.42000492406,331603.9115849574,35.0
h098,2001,592889.4722289848,299003.8712346064,35.0
h098,2002,543688.1683664084,299511.6073657025,35.0
h098,2003,421936.23535871657,321728.55407981464,35.0
h098,2004,344054.2053501458,321339.59427280654,35.0
h098,2005,504263.8723201823,321406.89107913023,35.0
h098,2006,359976.50919298705,307758.89863843034,35.0
h098,2007,510612.8924157727,309561.0801987331,35.0
h098,2008,356964.35497252736,315169.8865099464,35.0
h098,2009,483285.3569222728,301090.09348012373,35.0
h099,2000,512935.1177917205,320993.61235218146,35.0
h099,2001,489127.7019968212,301735.56031196745,35.0
h099,2002,483201.7462542954,313168.26453226403,35.0
h099,2003,267098.01345616736,307540.24891802424,35.0
h099,2004,513427.7925955803,293411.63123185997,35.0
h099,2005,420321.46394578164,298995.41234845226,35.0
h099,2006,395554.2297823926,286671.9904799461,35.0
h099,2007,389161.9019740894,291744.0579350124,35.0
h099,2008,443870.2762125656,300924.1162261244,35.0
h099,2009,596565.1953054875,305546.52544206765,35.0
h100,2000,481959.9479911193,308958.31834917486,35.0
h100,2001,512789.77747290843,305085.9471429399,35.0
h100,2002,425412.8454232119,306573.4172800043,35.0
h100,2003,527448.1794685891,301705.06882212893,35.0
h100,2004,278308.0175449131,300765.71896824945,35.0
h100,2005,488969.04806957877,316599.33546173555,35.0
h100,2006,409916.34404572216,307002.8716152682,35.0
h100,2007,491871.10832320986,304883.8757708042,35.0
h100,2008,450509.7985614678,313504.6499811648,35.0
h100,2009,416100.3113827569,319395.8958895763,35.0
h101,2000,496139.341623743,299185.4561146955,35.0
h101,2001,526613.3855233168,296308.7845140116,35.0
h101,2002,630085.1186724461,298928.4215060919,35.0
h101,2003,517662.75533543475,300628.24785895913,35.0
h101,2004,547581.0814864278,309921.3712877437,35.0
h101,2005,521212.85219207784,307816.29912583256,35.0
h101,2006,354355.2501370593,306144.95052747807,35.0
h101,2007,351058.50479129667,296261.6504067227,35.0
h101,2008,430332.07813941245,295306.118852723,35.0
h101,2009,383165.92070963635,301438.9535802985,35.0
h102,2000,613863.3322690454,293650.25094490324,35.0
h102,2001,383663.25158238603,297372.16258469684,35.0
h102,2002,394046.9882457511,313139.40502568096,35.0
h102,2003,349208.1127649388,309093.70816280285,35.0
h102,2004,351411.2435267469,323961.49308783555,35.0
h102,2005,592527.2909702793,299315.22167626367,35.0
h102,2006,450753.8215621899,304142.62343991536,35.0
h102,2007,234716.96438487692,317966.75085581356,35.0
h102,2008,324020.1897790339,303359.81863655767,35.0
h102,2009,346657.5534479514,298634.22008726676,35.0
h103,2000,523332.46316504217,295644.2845616284,35.0
h103,2001,415301.5372877965,315729.62547420216,35.0
h103,2002,441911.81357857847,298822.8471514143,35.0
h103,2003,377442.30292026274,304405.98557690723,35.0
h103,2004,492979.63763442886,310546.48695527617,35.0
h103,2005,344287.89801805,303011.9655235475,35.0
h103,2006,204873.0084443917,317753.2813511121,35.0
h103,2007,574692.2165347246,289410.69247425074,35.0
h103,2008,328561.33895563486,304544.32699222385,35.0
h103,2009,461348.194584784,293101.1936720794,35.0
h104,2000,445285.08094025805,317131.8950833126,35.0
h104,2001,488500.9294660438,303904.1018404968,35.0
h104,2002,352250.34379610844,314432.99767003546,35.0
h104,2003,322146.71683870367,324957.71201967716,35.0
h104,2004,571215.4930984279,288819.5597066973,35.0
h104,2005,492542.3028315716,296534.6595819111,35.0
h104,2006,285229.9550875952,322372.6661098655,35.0
h104,2007,336085.6968820335,311531.7310643627,35.0
h104,2008,410898.4809392484,319030.3497966739,35.0
h104,2009,349548.9095554125,332878.9757445764,35.0
h105,2000,559358.5727438445,291551.8177555457,35.0
h105,2001,453975.3287804298,299304.9920987899,35.0
h105,2002,351643.0048546964,307098.0270428598,35.0
h105,2003,342606.0590770042,315023.6673936239,35.0
h105,2004,264312.52594829694,312514.5443941315,35.0
h105,2005,501629.83026279655,305079.2153943497,35.0
h105,2006,454090.6974858233,288438.305826459,35.0
h105,2007,266210.2311646833,334223.7474835717,35.0
h105,2008,342137.6794036292,306933.71452966117,35.0
h105,2009,492934.8832739201,298960.37555100885,35.0
h106,2000,571584.5106614104,289100.4157800085,35.0
h106,2001,318410.6285389,293286.31564560905,35.0
h106,2002,280165.5175861184,308368.0700664973,35.0
h106,2003,390345.6721239196,305800.9154780831,35.0
h106,2004,504589.9465807885,297465.3005128763,35.0
h106,2005,482325.0271918251,289820.8981907112,35.0
h106,2006,399692.5380463242,309107.0943577485,35.0
h106,2007,403127.38172585325,314904.18979261897,35.0
h106,2008,369839.5975400766,309247.11929165584,35.0
h106,2009,495661.97568618756,289914.7034823711,35.0
h107,2000,574859.2887038081,292449.22107634885,35.0
h107,2001,442876.4356189246,319010.21150400146,35.0
h107,2002,446377.8008900681,309183.9329740464,35.0
h107,2003,382816.75204549165,321462.0774058545,35.0
h107,2004,561806.4947971727,298398.7514308937,35.0
h107,2005,530321.074888454,285497.83262341615,35.0
h107,2006,465224.92646651814,311309.1751556794,35.0
h107,2007,362073.21966188145,292136.8207183902,35.0
h107,2008,297374.8756792042,321268.47651295236,35.0
h107,2009,349588.5648964047,314433.86393559206,35.0
h108,2000,581182.3427099906,300170.46404813643,35.0
h108,2001,367354.99768936593,317432.3794960271,35.0
h108,2002,509792.2080505543,303574.8727491383,35.0
h108,2003,345535.7667748449,320835.3314642022,35.0
h108,2004,346102.3965629824,310235.4792892124,35.0
h108,2005,498344.96560445346,308761.3346956329,35.0
h108,2006,484171.397860468,328072.1911088975,35.0
h108,2007,388078.5115747663,301846.02740494587,35.0
h108,2008,470458.89210408466,303398.54814040207,35.0
h108,2009,330615.8215063985,319161.367052281,35.0
h109,2000,523128.46433500474,309900.3365180815,35.0
h109,2001,439108.36754140817,302373.617169086,35.0
h109,2002,500521.38595393446,283244.0092834448,35.0
h109,2003,360215.4720953667,295013.78802337195,35.0
h109,2004,365559.65418980585,319463.530748684,35.0
h109,2005,403733.5710099734,319885.7894991513,35.0
h109,2006,530092.9859012518,296251.4620072583,35.0
h109,2007,467268.30129364453,283049.356420358,35.0
h109,2008,456581.8718292912,302448.135152713,35.0
h109,2009,359833.14273122634,310557.7386426666,35.0
h110,2000,441847.7398707367,298085.42929322965,35.0
h110,2001,479463.8570734921,302851.377373888,35.0
h110,2002,341440.6363697793,311002.86600397725,35.0
h110,2003,526481.2387453782,305224.92984399165,35.0
h110,2004,368980.43462015607,290087.81308275927,35.0
h110,2005,596915.5304880689,311305.39503267384,35.0
h110,2006,344869.58362171653,316651.6035149587,35.0
h110,2007,324662.8642376749,307052.29247437895,35.0
h110,2008,314856.60515171237,308646.14943397214,35.0
h110,2009,443717.2616472071,297374.46669233247,35.0
h111,2000,384959.54112220625,290946.9525851103,35.0
h111,2001,266755.19964823924,300486.4827849481,35.0
h111,2002,289512.1001302729,308046.7100201909,35.0
h111,2003,480807.7086563363,306209.1048091053,35.0
h111,2004,374068.27440662985,289321.0286837393,35.0
h111,2005,389410.00084209914,302684.8055134626,35.0
h111,2006,492945.2999001089,292238.1175615454,35.0
h111,2007,456130.21654979815,299192.6691106689,35.0
h111,2008,513649.7765767481,305261.05181019544,35.0
h111,2009,415087.6976130492,302397.86058753537,35.0
h112,2000,414248.1282586226,311113.39918469015,35.0
h112,2001,459279.90931989363,294471.27987699007,35.0
h112,2002,248578.57954063962,309557.06536186935,35.0
h112,2003,433326.44233644917,305315.2847170396,35.0
h112,2004,606980.2401712951,292993.8288027286,35.0
h112,2005,459304.5377362948,309471.20454827487,35.0
h112,2006,407716.6901338593,300304.5153924252,35.0
h112,2007,475168.51632201445,294217.7577867579,35.0
h112,2008,546275.1563405173,306652.82719042344,35.0
h112,2009,361410.62750478165,295392.1140180178,35.0
h113,2000,381956.2316147149,311468.1612961934,35.0
h113,2001,491500.5384782512,297309.40428192576,35.0
h113,2002,472394.03373958135,291083.32294532337,35.0
h113,2003,473105.6600054827,295667.15200689837,35.0
h113,2004,622801.2435401763,283573.94894649094,35.0
h113,2005,395489.63212547824,303736.00970301015,35.0
h113,2006,307649.5046958018,293101.48026594124,35.0
h113,2007,296380.95950736885,306770.47531874356,35.0
h113,2008,350891.23154241516,298743.79568825255,35.0
h113,2009,437949.34309382964,302252.9327403373,35.0
h114,2000,422769.2615034208,308888.4598119838,35.0
h114,2001,467064.74052020663,304290.95054182375,35.0
h114,2002,440271.55401606794,309147.20037711516,35.0
h114,2003,626249.822333409,284027.2500906338,35.0
h114,2004,648030.0774220248,287576.7101530787,35.0
h114,2005,491904.6392414067,299984.45571157703,35.0
h114,2006,292201.9435713388,310378.6786214857,35.0
h114,2007,522650.75562422216,294051.75204498257,35.0
h114,2008,541212.7841207102,298693.4882492056,35.0
h114,2009,240853.86902580733,308031.8600810082,35.0
h115,2000,455827.48026323563,305552.672358263,35.0
h115,2001,530054.7565085011,307152.2852292257,35.0
h115,2002,336524.1376262407,303416.2289583035,35.0
h115,2003,259669.98553761645,314877.2007216633,35.0
h115,2004,531578.9323744226,299992.02938431886,35.0
h115,2005,354894.0046957465,293430.3673076993,35.0
h115,2006,471835.08377561986,299979.610178468,35.0
h115,2007,512740.4847177118,303800.0442787655,35.0
h115,2008,367134.2101385435,296527.4295017473,35.0
h115,2009,296384.0342436798,307594.2304470711,35.0
h116,2000,434019.26541252545,289244.3896287902,35.0
h116,2001,551690.9256997905,301377.18852765596,35.0
h116,2002,323417.23435683706,301796.1325184252,35.0
h116,2003,534418.100730228,298562.67713663244,35.0
h116,2004,408956.7960634295,292189.4070878722,35.0
h116,2005,367162.6804093671,322769.529606588,35.0
h116,2006,460495.39275364886,305294.73698646104,35.0
h116,2007,295890.1252803494,280315.60366696335,35.0
h116,2008,354307.6439873044,303382.56971007126,35.0
h116,2009,226198.68797478074,309138.6041365855,35.0
h117,2000,472455.55390643806,319610.93695275305,35.0
h117,2001,413723.8024615412,314744.8472024443,35.0
h117,2002,357992.7171270417,314862.88300907327,35.0
h117,2003,272389.6373147235,305663.8487131486,35.0
h117,2004,361024.52152548224,291198.7574959476,35.0
h117,2005,308232.656569436,298768.5548759623,35.0
h117,2006,410910.0755775379,301012.88068148034,35.0
h117,2007,481514.8010420209,302769.3550959242,35.0
h117,2008,457477.146563296,310205.40784221236,35.0
h117,2009,466535.2773998695,285944.6846375847,35.0
h118,2000,349039.66352417844,306656.1698623346,35.0
h118,2001,435417.6504064828,294048.90809672885,35.0
h118,2002,276875.8314230101,299535.07718839083,35.0
h118,2003,448541.6583523382,292760.8598451227,35.0
h118,2004,523963.83013628825,294352.34267795295,35.0
h118,2005,315225.07976412686,303564.3844960704,35.0
h118,2006,217994.64539172282,316003.6041816823,35.0
h118,2007,284509.20545189537,315804.88080360397,35.0
h118,2008,503700.8517661327,300286.73983296193,35.0
h118,2009,328953.88636129233,282943.832274411,35.0
h119,2000,554721.0386684572,296051.09680749226,35.0
h119,2001,531264.6722995309,305596.5172354769,35.0
h119,2002,449556.27634418354,293701.386540056,35.0
h119,2003,342300.0880967955,317143.49839407037,35.0
h119,2004,446938.56570807646,300678.1245240735,35.0
h119,2005,430340.15250216215,314414.189320884,35.0
h119,2006,420993.72374253557,308664.0841073241,35.0
h119,2007,316974.3432161016,305098.8311157756,35.0
h119,2008,498106.2874739149,296576.62847443786,35.0
h119,2009,447433.3117049852,311576.7090689656,35.0
h120,2000,514496.02413757367,313787.800322967,35.0
h120,2001,456724.55177285697,298483.36663920485,35.0
h120,2002,255308.19051049146,302448.46036112565,35.0
h120,2003,521516.53337675164,290285.45511635364,35.0
h120,2004,503834.6955505432,290511.33101761254,35.0
h120,2005,382886.39956396964,297616.8752752506,35.0
h120,2006,569858.4022235231,304991.60712390125,35.0
h120,2007,330112.9961266604,310263.78994893114,35.0
h120,2008,289125.3509226675,321354.28636275727,35.0
h120,2009,580753.8817884575,297580.86779255164,35.0
h121,2000,467555.1812003356,301568.5484924106,35.0
h121,2001,407371.82939404936,285981.6615437529,35.0
h121,2002,357511.9550393952,292247.44197890186,35.0
h121,2003,426405.67368644313,300673.12438905076,35.0
h121,2004,314019.19897890225,299271.6689857402,35.0
h121,2005,238584.4930581922,305873.4315397808,35.0
h121,2006,408675.9951541958,308398.1039997305,35.0
h121,2007,535969.7381247823,297654.51575757505,35.0
h121,2008,422427.48951898265,291665.96331263235,35.0
h121,2009,552304.2403150754,286733.1662507529,35.0
h122,2000,668075.8057929139,286985.9990437155,35.0
h122,2001,439598.4023489409,304475.9940269384,35.0
h122,2002,285301.0147971991,306130.56894786627,35.0
h122,2003,405787.4250443067,306488.2197441411,35.0
h122,2004,288673.9777987563,294870.5263716964,35.0
h122,2005,486649.7134995769,311823.55549886375,35.0
h122,2006,394840.52927067125,313033.9190501162,35.0
h122,2007,374926.7395797976,313576.25554067147,35.0
h122,2008,506484.7608164003,300735.7673503982,35.0
h122,2009,399485.07092534716,306243.226104535,35.0
h123,2000,530717.9083035176,286660.42723119544,35.0
h123,2001,475446.5990799323,303543.85224978917,35.0
h123,2002,509163.2761475957,294789.14123265794,35.0
h123,2003,530227.6141684438,298120.3834340031,35.0
h123,2004,453941.0229654806,313508.95886371954,35.0
h123,2005,511305.7901325493,288989.83712535485,35.0
h123,2006,349198.2374658497,303586.35030838574,35.0
h123,2007,490457.83709573257,304973.9655949844,35.0
h123,2008,328564.94623963017,310075.8137290807,35.0
h123,2009,333848.0378020078,294886.27442363446,35.0
h124,2000,574266.5981682173,294058.9658715882,35.0
h124,2001,336616.68056833476,303873.1138821834,35.0
h124,2002,320816.2107826363,322966.22982345155,35.0
h124,2003,426524.6233678962,312903.2104184918,35.0
h124,2004,668492.3285772573,304529.1970289026,35.0
h124,2005,435112.89899086003,303604.36585031176,35.0
h124,2006,463642.0454438312,311756.64062424406,35.0
h124,2007,284402.224419165,304755.751219536,35.0
h124,2008,289761.5596134296,291803.88417649287,35.0
h124,2009,279404.1717332385,307890.623126773,35.0
h125,2000,349786.46588551515,321265.44932670693,35.0
h125,2001,514175.3825289196,318229.91156351817,35.0
h125,2002,358060.4345063156,303081.0385398636,35.0
h125,2003,443931.6461607429,302122.8049572259,35.0
h125,2004,597669.3148555878,292432.134383387,35.0
h125,2005,464239.3292046857,300620.71145450947,35.0
h125,2006,430115.293000091,310710.1077462392,35.0
h125,2007,605159.1079741388,278490.073517515,35.0
h125,2008,381137.2635693474,306160.9940463172,35.0
h125,2009,257130.12279490646,300106.7382789739,35.0
h126,2000,385705.9950082121,307183.7356797636,35.0
h126,2001,625201.5687802458,284335.1200468328,35.0
h126,2002,257338.769101292,325466.33366677363,35.0
h126,2003,390467.17335949413,297997.4708787661,35.0
h126,2004,439058.03610779584,301467.3066264536,35.0
h126,2005,453443.92315894464,313329.98527460784,35.0
h126,2006,474342.57097250054,307517.6747591905,35.0
h126,2007,362797.8923309588,315492.97865751904,35.0
h126,2008,498148.78413471405,298681.8031674691,35.0
h126,2009,221764.02428659878,323426.311658819,35.0
h127,2000,564303.6651538393,294823.64326275344,35.0
h127,2001,339006.6279962236,308165.0162102523,35.0
h127,2002,417283.50636555505,306843.92535863846,35.0
h127,2003,526018.3587128316,289167.9876641574,35.0
h127,2004,573446.000137968,298859.2847135844,35.0
h127,2005,404655.81459301146,297136.2262557421,35.0
h127,2006,361042.5303898307,311722.9522273743,35.0
h127,2007,467226.22301764897,298647.3025183025,35.0
h127,2008,393235.4394149304,299170.05149242555,35.0
h127,2009,457035.6335788115,282403.5141559314,35.0
h128,2000,457390.32467680157,296576.8801041752,35.0
h128,2001,441367.236995902,309651.4529135991,35.0
h128,2002,298424.05305685353,318347.7158335488,35.0
h128,2003,381451.9977640508,306172.7856614891,35.0
h128,2004,496021.27986510476,305986.8790018559,35.0
h128,2005,456222.3596241122,306580.8225580806,35.0
h128,2006,553435.1650365987,302118.9760578908,35.0
h128,2007,343805.82447549776,307452.95603334834,35.0
h128,2008,497964.6126932154,286930.7463010111,35.0
h128,2009,473004.29706055415,302238.8009828887,35.0
h129,2000,442571.7046615582,301474.41851972305,35.0
h129,2001,343633.8492448562,309636.13072990754,35.0
h129,2002,361558.7719983582,293690.1189915414,35.0
h129,2003,411233.9448689312,299345.8325524432,35.0
h129,2004,491534.38733194803,300138.1498738679,35.0
h129,2005,529929.8069670481,286193.56127892365,35.0
h129,2006,342928.5960959129,285242.9561585234,35.0
h129,2007,274632.19479171874,302194.1546040477,35.0
h129,2008,482612.86629252054,308014.0637713283,35.0
h129,2009,479858.93473986274,289622.09651464847,35.0
h130,2000,478591.6784259671,287667.3843400639,35.0
h130,2001,485927.6858824529,298463.45519051544,35.0
h130,2002,407532.4341992348,310369.58641646185,35.0
h130,2003,394844.34004459303,307307.5609546304,35.0
h130,2004,466156.32376707083,298573.03567304823,35.0
h130,2005,586587.6575679448,302713.2117918164,35.0
h130,2006,481439.8849317862,287784.4235884046,35.0
h130,2007,377401.3787305838,297070.75936522766,35.0
h130,2008,340742.0264934845,305781.8103797307,35.0
h130,2009,366569.8301217954,287630.85067510034,35.0
h131,2000,448512.0003331174,316170.7446548169,35.0
h131,2001,553273.7769424559,288445.22164295055,35.0
h131,2002,416457.670922634,313062.15437027,35.0
h131,2003,605960.5130303359,288908.96680615155,35.0
h131,2004,429018.31328279787,300821.2770725515,35.0
h131,2005,610120.1262473125,299712.07723928586,35.0
h131,2006,541008.0995242125,291812.32147784677,35.0
h131,2007,390365.6897629736,315241.1351977106,35.0
h131,2008,345380.4555660334,303209.9135287452,35.0
h131,2009,465993.4019412797,296240.87925227743,35.0
h132,2000,592050.4273074218,290936.5003564804,35.0
h132,2001,427639.12711211905,302724.5038964338,35.0
h132,2002,483282.73461431585,289345.6855774675,35.0
h132,2003,447674.33672453807,298161.045089653,35.0
h132,2004,320646.73849816225,308488.2819966042,35.0
h132,2005,472712.085799435,294131.5099301838,35.0
h132,2006,336723.5048174762,306194.8365916209,35.0
h132,2007,510152.6740211474,295744.9562667491,35.0
h132,2008,574550.7391022054,300406.81670934404,35.0
h132,2009,431466.54852862295,288228.51955454744,35.0
h133,2000,586886.8172473368,293782.0880058622,35.0
h133,2001,433826.79323643446,301028.52596242086,35.0
h133,2002,614026.2591092582,291618.36752604885,35.0
h133,2003,370901.06422380765,300578.6526637237,35.0
h133,2004,510166.58222305885,295957.9556773228,35.0
h133,2005,620985.3915881045,297774.7209666223,35.0
h133,2006,266432.94631032355,297252.38766896917,35.0
h133,2007,479380.73336311214,300621.33091002505,35.0
h133,2008,326368.18007369514,289362.71221085475,35.0
h133,2009,420031.6268648564,295899.32115761447,35.0
h134,2000,446131.3355794644,298657.86928101734,35.0
h134,2001,507926.8553173875,295404.74169881927,35.0
h134,2002,487782.2320517773,299134.0888905336,35.0
h134,2003,314759.52645187464,311548.5417764502,35.0
h134,2004,529665.6729660011,295758.76482308924,35.0
h134,2005,398624.2493903473,300547.8221961002,35.0
h134,2006,467225.1618772029,305598.4310115847,35.0
h134,2007,393394.5237813055,290333.12455641845,35.0
h134,2008,472006.1583209742,299664.0396970572,35.0
h134,2009,485325.519593119,290886.1326787567,35.0
h135,2000,315462.0986195092,306001.9412503549,35.0
h135,2001,515153.74260081316,302126.25198069424,35.0
h135,2002,521748.9999916624,307264.78455307777,35.0
h135,2003,384659.3376790395,318754.1334337063,35.0
h135,2004,544596.8691095763,305715.3392793384,35.0
h135,2005,416154.306724611,309162.51941952517,35.0
h135,2006,188360.30912395136,317457.77633062255,35.0
h135,2007,573179.9394444225,294823.3357723294,35.0
h135,2008,290648.28531104035,306749.7815165437,35.0
h135,2009,481437.32366125594,301526.5495712379,35.0
h136,2000,380431.3170304372,318255.86142068764,35.0
h136,2001,406516.23660841584,299539.8895859161,35.0
h136,2002,321360.9331794592,294316.25192733784,35.0
h136,2003,381760.07850497816,298987.5196540646,35.0
h136,2004,477462.58846819005,305856.5746544117,35.0
h136,2005,457482.77136824286,296149.6288103451,35.0
h136,2006,459654.27393042954,305723.235916829,35.0
h136,2007,468236.1878442386,313273.6005932937,35.0
h136,2008,546011.4879064785,305582.83198326005,35.0
h136,2009,384231.11514728045,286327.3956550881,35.0
h137,2000,566586.7328384113,291289.89971557923,35.0
h137,2001,508967.37006427284,308814.8890051049,35.0
h137,2002,397553.37178046315,303256.22630270175,35.0
h137,2003,341604.3825315848,297795.0809810651,35.0
h137,2004,560873.9592719654,282566.46711190813,35.0
h137,2005,535861.3727427323,306580.0498561376,35.0
h137,2006,403547.4411615749,300177.3165298946,35.0
h137,2007,293878.52631988155,313138.76344150346,35.0
h137,2008,461436.13100049976,313111.299511699,35.0
h137,2009,456176.9095992561,309557.1683506277,35.0
h138,2000,403095.52859468834,307219.183185979,35.0
h138,2001,333400.6687710166,295998.95509902056,35.0
h138,2002,407524.0002841099,307557.05870438565,35.0
h138,2003,537222.2373016431,294231.97574853647,35.0
h138,2004,450874.59343917016,314470.7993327413,35.0
h138,2005,281266.6583920355,305678.2759747424,35.0
h138,2006,283795.03900381626,320147.47780647717,35.0
h138,2007,419743.4936052897,311959.0253903112,35.0
h138,2008,589540.8159462672,294199.6391403528,35.0
h138,2009,322875.6736359125,295212.51562581,35.0
h139,2000,700575.6945494309,294864.142035788,35.0
h139,2001,477553.7150694348,304871.6790220341,35.0
h139,2002,469583.5122744856,302696.37419277994,35.0
h139,2003,342150.48160349246,299386.1833891349,35.0
h139,2004,414269.4623193695,313006.04740728054,35.0
h139,2005,484317.44356525055,292575.1721681061,35.0
h139,2006,393900.3281484198,300180.4503883605,35.0
h139,2007,364858.94844683225,291198.5047870816,35.0
h139,2008,420069.23656087107,313904.18218081834,35.0
h139,2009,412494.0472972537,299382.94988102955,35.0
h140,2000,323055.23252440605,312709.9647906643,35.0
h140,2001,470222.6871079302,315122.60483871563,35.0
h140,2002,396247.8006198995,321373.6000964913,35.0
h140,2003,398536.3051733344,333057.8717037338,35.0
h140,2004,382950.647739773,318117.74311680614,35.0
h140,2005,458596.37386378756,311537.14341825125,35.0
h140,2006,438681.5789298143,301573.8966171645,35.0
h140,2007,568180.1029735933,307550.5340903716,35.0
h140,2008,398827.2152772857,309529.71064232005,35.0
h140,2009,324486.38131592574,326668.5506707131,35.0
h141,2000,288453.49092057726,318169.5754299647,35.0
h141,2001,503017.5470672912,325883.9299153132,35.0
h141,2002,372021.6018425297,316490.20810730115,35.0
h141,2003,427560.23589796113,313514.99862154655,35.0
h141,2004,404782.6253062355,298737.7409995726,35.0
h141,2005,588570.8769480644,307464.703641112,35.0
h141,2006,290821.5119508023,315531.0368199717,35.0
h141,2007,548816.2383042244,303683.4096001105,35.0
h141,2008,535852.4849454218,291583.18825340905,35.0
h141,2009,342707.29480101756,320077.60949134256,35.0
h142,2000,407388.11763622385,316061.72135238256,35.0
h142,2001,376064.7415572718,314608.32572285464,35.0
h142,2002,309881.77995896037,329653.8021162606,35.0
h142,2003,400836.75888095313,296572.68465449475,35.0
h142,2004,446675.4679760731,322808.700173399,35.0
h142,2005,415648.4694656692,312877.84326765855,35.0
h142,2006,392298.2178311314,315779.5090808255,35.0
h142,2007,285943.62724390527,313134.0069985086,35.0
h142,2008,468780.60545846476,318931.0919933731,35.0
h142,2009,490957.2210384462,296540.33436812,35.0
h143,2000,486508.51481410663,309550.545304482,35.0
h143,2001,433738.152058542,304219.4566755725,35.0
h143,2002,385345.9287527304,312579.2725290339,35.0
h143,2003,398535.8890092068,324111.4456669678,35.0
h143,2004,323118.64254150284,321875.67399016843,35.0
h143,2005,340843.39610358153,308720.3469055249,35.0
h143,2006,392905.6218157869,295089.0920858214,35.0
h143,2007,270909.80698512966,337051.8365238457,35.0
h143,2008,274687.5587079174,331927.11034394015,35.0
h143,2009,542363.0496643337,297812.4685821263,35.0
h144,2000,253945.26221688202,336055.9322590405,35.0
h144,2001,563299.6237843066,317823.081728494,35.0
h144,2002,357510.613889437,324311.4237487412,35.0
h144,2003,393570.5986733204,308655.1514012985,35.0
h144,2004,389912.26405554917,306323.84080128727,35.0
h144,2005,618225.6218176951,297042.0345591643,35.0
h144,2006,427381.79449247953,315941.66975104174,35.0
h144,2007,197263.33833220694,320311.1136344693,35.0
h144,2008,423547.94747457723,303844.5602303446,35.0
h144,2009,389684.7393832619,313057.0777121962,35.0
h145,2000,346542.4852941191,324484.918912552,35.0
h145,2001,476277.6135198296,323111.0500925436,35.0
h145,2002,332580.80252220907,320999.5065579988,35.0
h145,2003,478653.3072755644,301493.45967491774,35.0
h145,2004,414726.15297492465,305202.4581899128,35.0
h145,2005,342499.3051887995,324813.52129736263,35.0
h145,2006,432023.2778198026,322528.529603418,35.0
h145,2007,320805.9817201588,334911.99558871466,35.0
h145,2008,455221.2145750747,324660.01401036367,35.0
h145,2009,569526.6521495286,281559.2012894128,35.0
h146,2000,277354.3213880897,325526.5347973063,35.0
h146,2001,373469.33136550325,329428.23217982665,35.0
h146,2002,473227.41445174074,321155.3060348988,35.0
h146,2003,439449.2808719967,319563.2738471851,35.0
h146,2004,370036.8404116689,320099.113979655,35.0
h146,2005,382851.24374321965,301526.7945331203,35.0
h146,2006,488743.8991578227,314479.2685883164,35.0
h146,2007,457524.02768126293,290129.73817765655,35.0
h146,2008,468884.6929856692,304674.0285184701,35.0
h146,2009,353572.1695218986,297252.34267821454,35.0
h147,2000,359594.7255281738,320043.87772675446,35.0
h147,2001,423436.8530726502,312470.0567392377,35.0
h147,2002,226098.1518771146,328971.0738619808,35.0
h147,2003,386352.6604212427,315116.4768508432,35.0
h147,2004,271775.22788937733,311771.4627281346,35.0
h147,2005,275842.4431862157,313836.9461814642,35.0
h147,2006,425337.1555471857,317052.81416471326,35.0
h147,2007,508975.75260107155,307000.5205142641,35.0
h147,2008,352559.0841886783,299949.95789456187,35.0
h147,2009,455568.1348533548,298225.78592692484,35.0
h148,2000,308927.1387306069,349892.0001471464,35.0
h148,2001,374226.7085978067,320140.97264510096,35.0
h148,2002,409929.75016216247,332011.3249717653,35.0
h148,2003,505423.71224157565,313108.9860962696,35.0
h148,2004,555978.6308912301,300761.97966353095,35.0
h148,2005,420704.2152825691,317588.0122620454,35.0
h148,2006,451859.5960658975,307633.70935743296,35.0
h148,2007,346531.35481086053,309622.0682656491,35.0
h148,2008,456258.0855322798,309097.57071252546,35.0
h148,2009,425723.946095326,311445.6070122785,35.0
h149,2000,308799.19283505884,306108.119184727,35.0
h149,2001,350851.2966955589,307798.79297750467,35.0
h149,2002,444378.29184185335,309850.81880694366,35.0
h149,2003,357363.2087200662,322756.6724984317,35.0
h149,2004,362108.931807614,292102.8304847175,35.0
h149,2005,521115.95092526457,303465.3385950672,35.0
h149,2006,554346.4982821826,301698.6005682081,35.0
h149,2007,364168.34487939294,317629.51453111414,35.0
h149,2008,475902.94886471075,311011.7730697494,35.0
h149,2009,385916.46368960274,316009.3789385151,35.0
h150,2000,360023.9867058384,309542.8887380256,35.0
h150,2001,529479.0525518563,300145.23404659715,35.0
h150,2002,208542.2448905838,302926.4872698923,35.0
h150,2003,364287.25912864093,331017.6983096639,35.0
h150,2004,389189.76217804546,317031.99974033167,35.0
h150,2005,444504.23281452904,293478.2889216581,35.0
h150,2006,533882.9285022767,309837.23229786794,35.0
h150,2007,417737.9775879568,314805.7897815231,35.0
h150,2008,236367.95650145944,315630.24002183165,35.0
h150,2009,529506.0183886229,290512.5547975941,35.0
h151,2000,419640.21384586015,308224.9817433694,35.0
h151,2001,283593.75826179277,321057.8875209777,35.0
h151,2002,260927.7300354048,323444.26096877654,35.0
h151,2003,501182.1642056152,308228.6693701114,35.0
h151,2004,320500.2982336044,309179.745079327,35.0
h151,2005,486756.7211446168,304096.68647955457,35.0
h151,2006,213527.29451220608,320143.62364959443,35.0
h151,2007,310687.4745395159,308434.7704282127,35.0
h151,2008,530279.8889958044,296452.30134141044,35.0
h151,2009,277332.60155424377,314580.6723960132,35.0
h152,2000,394351.32492511586,289050.44877556077,35.0
h152,2001,356610.29909896647,307590.8532195836,35.0
h152,2002,360829.4520398987,309667.8860489191,35.0
h152,2003,285279.4601924017,314844.1052093266,35.0
h152,2004,425390.30307283386,296230.9674655329,35.0
h152,2005,456101.7171595426,303660.9301000265,35.0
h152,2006,487361.9479472665,302278.8686107196,35.0
h152,2007,413764.6987172713,311275.4429554986,35.0
h152,2008,443961.72463000746,305268.70878758375,35.0
h152,2009,445345.8420006875,309714.8506084811,35.0
h153,2000,360172.03343011875,316820.1873901988,35.0
h153,2001,390760.7445796598,303688.7660698201,35.0
h153,2002,341217.5222989578,297636.82974116533,35.0
h153,2003,377846.76716204867,286429.73140488286,35.0
h153,2004,412421.46793845866,315800.6343475344,35.0
h153,2005,448702.3008342918,317239.88575260935,35.0
h153,2006,461557.65156792226,320033.91137962777,35.0
h153,2007,489625.95885844633,303244.6049015752,35.0
h153,2008,499376.7512708009,304482.2019637749,35.0
h153,2009,406936.80148943985,301078.09212903434,35.0
h154,2000,386036.12280302186,312675.2058818436,35.0
h154,2001,518782.309533897,299662.17447712965,35.0
h154,2002,507894.2706798349,298851.51085235743,35.0
h154,2003,421465.00232575624,293828.30146537966,35.0
h154,2004,326908.4523250095,291940.2858054176,35.0
h154,2005,314463.2029258296,320208.88309986127,35.0
h154,2006,353186.12611305463,316266.43572268,35.0
h154,2007,354339.2108678347,320957.1004542943,35.0
h154,2008,453014.39364890836,312095.5940903675,35.0
h154,2009,374734.30120097025,310801.5335629304,35.0
h155,2000,431102.46871657897,315799.56406616716,35.0
h155,2001,411965.00415602315,306451.083060263,35.0
h155,2002,357248.2664666905,320239.94108199864,35.0
h155,2003,454439.1693433198,306428.66257994727,35.0
h155,2004,510319.89828720264,293774.7637348833,35.0
h155,2005,491530.5606751815,306073.2016409557,35.0
h155,2006,497589.20830447937,300519.92041359644,35.0
h155,2007,457276.44405347604,292220.21023944335,35.0
h155,2008,303646.90869600634,304933.8476249818,35.0
h155,2009,476135.24305881135,290729.4404371549,35.0
h156,2000,450360.91844040336,300497.3422072117,35.0
h156,2001,537487.4803221378,298918.08599631203,35.0
h156,2002,225977.67017390442,320967.0596731289,35.0
h156,2003,476754.81540531927,313372.80406124896,35.0
h156,2004,414954.14416037966,310121.7574570908,35.0
h156,2005,609796.1669482184,301588.3052139568,35.0
h156,2006,408336.4019502265,294612.44983392186,35.0
h156,2007,423450.25976556365,283741.31697520666,35.0
h156,2008,402976.15028445947,307756.9360125722,35.0
h156,2009,366928.4278171544,334296.3708468192,35.0
h157,2000,292396.9617722133,326044.79357451695,35.0
h157,2001,626240.6319242998,298466.20311610796,35.0
h157,2002,444082.2272189114,295366.29666018777,35.0
h157,2003,329382.3487172697,303307.4682119835,35.0
h157,2004,423569.8801182194,306097.12839954335,35.0
h157,2005,416453.9100416979,317603.23351622256,35.0
h157,2006,426139.58673741197,308122.0247250681,35.0
h157,2007,318664.1818437175,317717.9880605457,35.0
h157,2008,480501.5691095591,307067.107947543,35.0
h157,2009,596295.8434794083,296390.3881811351,35.0
h158,2000,334134.67615804425,318157.96668476274,35.0
h158,2001,494155.4957069962,306643.181002816,35.0
h158,2002,389225.7778004899,300328.5898535736,35.0
h158,2003,382637.06337600295,322717.5978068745,35.0
h158,2004,475377.28498083755,305007.57336284424,35.0
h158,2005,597898.3951655455,309958.74014529755,35.0
h158,2006,317832.6188188886,326407.7689158999,35.0
h158,2007,349120.86137508095,325189.9342963951,35.0
h158,2008,401890.6936753701,320080.6175037805,35.0
h158,2009,476262.2099491306,301779.7997114024,35.0
h159,2000,270137.0911621646,320027.3116306137,35.0
h159,2001,413326.308535482,297960.0022866122,35.0
h159,2002,390909.47951092117,295367.84845751605,35.0
h159,2003,540962.757749819,289067.6433371026,35.0
h159,2004,333848.997830293,295942.8216696437,35.0
h159,2005,629356.8143690173,294630.67755814403,35.0
h159,2006,521678.4866013377,286437.49008089025,35.0
h159,2007,506973.1918392231,312541.4201415667,35.0
h159,2008,413333.8321972357,309889.7247723463,35.0
h159,2009,301738.16935941327,319060.08227823506,35.0
h160,2000,491218.2389708505,304853.35469366994,35.0
h160,2001,428487.27261761465,309007.6019154235,35.0
h160,2002,300066.57352602045,325700.5711861707,35.0
h160,2003,380848.56596203666,303514.5747047607,35.0
h160,2004,286819.77391476143,320135.22571937274,35.0
h160,2005,505929.7278103273,304000.44231445785,35.0
h160,2006,632048.8577604668,302820.3816208618,35.0
h160,2007,494084.2776036552,311738.43738302594,35.0
h160,2008,491449.0382161366,301292.8856604761,35.0
h160,2009,612940.817257731,306029.7480434551,35.0
h161,2000,581340.3671199005,292334.4237082522,35.0
h161,2001,428418.64753062866,302984.1727320407,35.0
h161,2002,347438.00017357606,297941.60574710375,35.0
h161,2003,187328.84234004436,306232.1252199803,35.0
h161,2004,461088.6312467086,295008.46704413724,35.0
h161,2005,488954.8271834395,294275.21631247544,35.0
h161,2006,402451.07389454806,307708.97286967485,35.0
h161,2007,446446.0407074413,292656.8524513988,35.0
h161,2008,373932.95459108026,304070.08190338884,35.0
h161,2009,418322.6759568007,294349.09119788767,35.0
h162,2000,458763.3204133874,315560.6367483746,35.0
h162,2001,262658.5314810696,309215.1330463708,35.0
h162,2002,544339.7255187208,304398.4393502479,35.0
h162,2003,262380.2355410125,300400.75732660334,35.0
h162,2004,416507.69482232264,305644.895740385,35.0
h162,2005,556673.5778166848,301777.1000492538,35.0
h162,2006,440481.5662178382,312456.99752889597,35.0
h162,2007,423665.79620370216,297410.3127178679,35.0
h162,2008,338917.4362051042,297979.6793021767,35.0
h162,2009,558869.2669414979,308227.75622252485,35.0
h163,2000,534911.593359738,296417.2191662907,35.0
h163,2001,367810.7919494998,311669.6847174679,35.0
h163,2002,441996.35835508246,311827.89468042756,35.0
h163,2003,315414.4895569206,319398.0417622352,35.0
h163,2004,314594.0575035463,303480.79597321845,35.0
h163,2005,344225.32098963094,320525.2760001922,35.0
h163,2006,504650.86525226757,287747.738137393,35.0
h163,2007,280920.98271940765,300847.0104533919,35.0
h163,2008,312080.09445051715,322088.3017899362,35.0
h163,2009,347853.46679634333,303429.49251571787,35.0
h164,2000,498491.34197513975,306689.5200765092,35.0
h164,2001,505317.0407460449,305092.04294232227,35.0
h164,2002,548010.3691235121,297619.7496985184,35.0
h164,2003,381038.08875997044,289864.22209289414,35.0
h164,2004,464009.0631822297,293116.21057884156,35.0
h164,2005,594648.3246878114,284502.15632788173,35.0
h164,2006,406856.58489646134,290046.57083572727,35.0
h164,2007,399513.2926617342,304345.5278621679,35.0
h164,2008,493582.9619199421,306729.1844995997,35.0
h164,2009,332522.0705893467,330441.7680785338,35.0
h165,2000,510263.93971844274,289999.0302967535,35.0
h165,2001,500719.5284708326,290243.7379698285,35.0
h165,2002,413053.6611038862,307220.62704120536,35.0
h165,2003,387837.08666103863,311758.2137860947,35.0
h165,2004,312770.16209820943,298398.3556457724,35.0
h165,2005,257353.77062702455,312294.41006914974,35.0
h165,2006,287708.0066308636,326031.32753448625,35.0
h165,2007,563053.2269595074,294276.4639065046,35.0
h165,2008,565488.142458503,301767.64512830105,35.0
h165,2009,517815.1150869221,294649.13231808756,35.0
h166,2000,476729.2187671779,306683.8660912047,35.0
h166,2001,540490.2624869116,297847.2131946209,35.0
h166,2002,504982.9519240447,296888.88058778615,35.0
h166,2003,558621.6633433775,289051.8015606432,35.0
h166,2004,350625.97490583156,310817.13585025043,35.0
h166,2005,463884.98182414944,315407.98476520635,35.0
h166,2006,473603.49675687234,293426.90383331873,35.0
h166,2007,517257.76768080343,300458.9584684969,35.0
h166,2008,521377.22466266924,283793.25183409255,35.0
h166,2009,428209.7873081184,308029.1561655421,35.0
h167,2000,541113.7094732937,307063.56485787197,35.0
h167,2001,522836.9134112188,298887.2840494605,35.0
h167,2002,459166.5896497735,296663.65522320115,35.0
h167,2003,234269.9228856591,304641.0807977671,35.0
h167,2004,512029.0607873158,297924.39576450136,35.0
h167,2005,371094.2234851308,332295.83580950653,35.0
h167,2006,585626.075150613,300639.57210131845,35.0
h167,2007,314913.1106421625,316141.3330406155,35.0
h167,2008,395085.82888249063,315039.04289465694,35.0
h167,2009,294748.4749835556,319566.8820280276,35.0
h168,2000,479232.8170308055,303250.5973022665,35.0
h168,2001,269997.7339806966,325360.5701544658,35.0
h168,2002,235583.8445198653,319291.46061370237,35.0
h168,2003,213815.33340405347,313317.4453227254,35.0
h168,2004,440879.3397877743,297969.5286364148,35.0
h168,2005,497605.4550426205,303624.38258724724,35.0
h168,2006,512628.356879809,296813.36284276785,35.0
h168,2007,575698.9184295129,293887.74072268704,35.0
h168,2008,368968.2142236335,311691.28614334826,35.0
h168,2009,641124.8814150263,274711.1830556571,35.0
h169,2000,487078.61892028165,303186.83196786494,35.0
h169,2001,435190.40476451465,298958.609225056,35.0
h169,2002,442395.1224192301,291893.1823985276,35.0
h169,2003,438596.1866922283,300896.7412429361,35.0
h169,2004,268436.6073577596,305297.59002941696,35.0
h169,2005,435954.3355500137,302873.8436200579,35.0
h169,2006,596383.8909065266,293965.10565280635,35.0
h169,2007,300451.7972291238,315160.5322669709,35.0
h169,2008,348337.9779755314,312897.3247863875,35.0
h169,2009,434859.7291313156,293221.53741258284,35.0
