runs,country,dayofyear,time,residual,subset
h010,SWE,334,2009-11-30 12:00:00,0.11687022546880918,all sets
h011,SWE,334,2009-11-30 12:00:00,-0.10086850809640785,all sets
h012,SWE,334,2009-11-30 12:00:00,-0.44934968873253717,all sets
h013,SWE,334,2009-11-30 12:00:00,0.07142899831623,all sets
h014,SWE,334,2009-11-30 12:00:00,0.00899850034523539,all sets
h015,SWE,334,2009-11-30 12:00:00,-0.13666704370759775,all sets
h016,SWE,334,2009-11-30 12:00:00,-0.2847262142199513,all sets
h017,SWE,334,2009-11-30 12:00:00,-0.18511834405441588,all sets
h018,SWE,334,2009-11-30 12:00:00,-0.3623048511438956,all sets
h019,SWE,334,2009-11-30 12:00:00,-0.040808711065823074,all sets
h020,SWE,334,2009-11-30 12:00:00,0.10681966674481418,all sets
h021,SWE,334,2009-11-30 12:00:00,-0.05460344981551994,all sets
h022,SWE,334,2009-11-30 12:00:00,-0.08079209373799469,all sets
h023,SWE,334,2009-11-30 12:00:00,-0.23214610123445945,all sets
h024,SWE,334,2009-11-30 12:00:00,-0.031460836933979885,all sets
h025,SWE,334,2009-11-30 12:00:00,0.13657214470871715,all sets
h026,SWE,334,2009-11-30 12:00:00,-0.03368691011958021,all sets
h027,SWE,334,2009-11-30 12:00:00,0.10517876431303795,all sets
h028,SWE,334,2009-11-30 12:00:00,-0.31412957811329967,all sets
h029,SWE,334,2009-11-30 12:00:00,-0.2076744601322862,all sets
h030,SWE,334,2009-11-30 12:00:00,0.1087067579576399,all sets
h031,SWE,334,2009-11-30 12:00:00,-0.014676074080216638,all sets
h032,SWE,334,2009-11-30 12:00:00,0.32741947856626097,all sets
h033,SWE,334,2009-11-30 12:00:00,0.22996660995419876,all sets
h034,SWE,334,2009-11-30 12:00:00,-0.2770735191006118,all sets
h035,SWE,334,2009-11-30 12:00:00,0.21785530895852642,all sets
h036,SWE,334,2009-11-30 12:00:00,0.002622920852038972,all sets
h037,SWE,334,2009-11-30 12:00:00,0.248491764089941,all sets
h038,SWE,334,2009-11-30 12:00:00,-0.029036724530508536,all sets
h039,SWE,334,2009-11-30 12:00:00,-0.15858520039199425,all sets
h040,SWE,334,2009-11-30 12:00:00,0.020237372556002792,all sets
h041,SWE,334,2009-11-30 12:00:00,-0.1665657438443358,all sets
h042,SWE,334,2009-11-30 12:00:00,-0.08323199423281367,all sets
h043,SWE,334,2009-11-30 12:00:00,0.01783130762017986,all sets
h044,SWE,334,2009-11-30 12:00:00,-0.055159036615279336,all sets
h045,SWE,334,2009-11-30 12:00:00,0.10520659745259457,all sets
h046,SWE,334,2009-11-30 12:00:00,0.2871166669722754,all sets
h047,SWE,334,2009-11-30 12:00:00,0.31700835772800257,all sets
h048,SWE,334,2009-11-30 12:00:00,0.10019754789985688,all sets
h049,SWE,334,2009-11-30 12:00:00,0.1219821541401412,all sets
h050,SWE,334,2009-11-30 12:00:00,-0.030888498793085965,all sets
h051,SWE,334,2009-11-30 12:00:00,-0.032317306306417035,all sets
h052,SWE,334,2009-11-30 12:00:00,0.3291391920796758,all sets
h053,SWE,334,2009-11-30 12:00:00,0.2629357546304826,all sets
h054,SWE,334,2009-11-30 12:00:00,0.07252398201179724,all sets
h055,SWE,334,2009-11-30 12:00:00,0.1096288114385213,all sets
h056,SWE,334,2009-11-30 12:00:00,0.4843142739782795,all sets
h057,SWE,334,2009-11-30 12:00:00,-0.21685537629577975,all sets
h058,SWE,334,2009-11-30 12:00:00,0.2871678544267167,all sets
h059,SWE,334,2009-11-30 12:00:00,0.37800747644370025,all sets
h060,SWE,334,2009-11-30 12:00:00,-0.15114264270982156,all sets
h061,SWE,334,2009-11-30 12:00:00,0.3231600777428622,all sets
h062,SWE,334,2009-11-30 12:00:00,-0.05830115998443221,all sets
h063,SWE,334,2009-11-30 12:00:00,0.16150030216606548,all sets
h064,SWE,334,2009-11-30 12:00:00,0.08995192806680037,all sets
h065,SWE,334,2009-11-30 12:00:00,-0.4074512929434035,all sets
h066,SWE,334,2009-11-30 12:00:00,-0.10715218157541646,all sets
h067,SWE,334,2009-11-30 12:00:00,0.2549818273898861,all sets
h068,SWE,334,2009-11-30 12:00:00,0.13960007124072782,all sets
h069,SWE,334,2009-11-30 12:00:00,0.6869901363458553,all sets
h070,SWE,334,2009-11-30 12:00:00,-0.27537848521980013,all sets
h071,SWE,334,2009-11-30 12:00:00,-0.5372678689957642,all sets
h072,SWE,334,2009-11-30 12:00:00,-0.22016320593417926,all sets
h073,SWE,334,2009-11-30 12:00:00,-0.21664414067426616,all sets
h074,SWE,334,2009-11-30 12:00:00,-0.022848866278611327,all sets
h075,SWE,334,2009-11-30 12:00:00,0.023282591852080245,all sets
h076,SWE,334,2009-11-30 12:00:00,-0.44150591507788467,all sets
h077,SWE,334,2009-11-30 12:00:00,-0.12876002211249116,all sets
h078,SWE,334,2009-11-30 12:00:00,0.268349162235746,all sets
h079,SWE,334,2009-11-30 12:00:00,-0.19455798719790846,all sets
h080,SWE,334,2009-11-30 12:00:00,-0.23890361657505235,all sets
h081,SWE,334,2009-11-30 12:00:00,-0.2545763452914468,all sets
h082,SWE,334,2009-11-30 12:00:00,-0.227099155644966,all sets
h083,SWE,334,2009-11-30 12:00:00,0.09448653063001192,all sets
h084,SWE,334,2009-11-30 12:00:00,-0.28887267865736455,all sets
h085,SWE,334,2009-11-30 12:00:00,0.06398945233654169,all sets
h086,SWE,334,2009-11-30 12:00:00,0.0691762424380857,all sets
h087,SWE,334,2009-11-30 12:00:00,0.449646385930408,all sets
h088,SWE,334,2009-11-30 12:00:00,-0.24684416817644408,all sets
h089,SWE,334,2009-11-30 12:00:00,-0.003660401113803414,all sets
h090,SWE,334,2009-11-30 12:00:00,-0.11623364351857655,all sets
h091,SWE,334,2009-11-30 12:00:00,-0.051433931830067954,all sets
h092,SWE,334,2009-11-30 12:00:00,0.08728595617702199,all sets
h093,SWE,334,2009-11-30 12:00:00,0.10679389039048723,all sets
h094,SWE,334,2009-11-30 12:00:00,-0.14277995007986533,all sets
h095,SWE,334,2009-11-30 12:00:00,0.06877464056669293,all sets
h096,SWE,334,2009-11-30 12:00:00,0.31897786394701627,all sets
h097,SWE,334,2009-11-30 12:00:00,0.03765306998848216,all sets
h098,SWE,334,2009-11-30 12:00:00,0.30943668793534745,all sets
h099,SWE,334,2009-11-30 12:00:00,-0.15207254685975027,all sets
h100,SWE,334,2009-11-30 12:00:00,-0.018966226381520873,all sets
h101,SWE,334,2009-11-30 12:00:00,-0.25469298251489436,all sets
h102,SWE,334,2009-11-30 12:00:00,0.1840128513837577,all sets
h103,SWE,334,2009-11-30 12:00:00,0.19662830065136513,all sets
h104,SWE,334,2009-11-30 12:00:00,0.035675207581904955,all sets
h105,SWE,334,2009-11-30 12:00:00,-0.0926821753249908,all sets
h106,SWE,334,2009-11-30 12:00:00,-0.18273844389443666,all sets
h107,SWE,334,2009-11-30 12:00:00,-0.3564298996797685,all sets
h108,SWE,334,2009-11-30 12:00:00,-0.06149717143550696,all sets
h109,SWE,334,2009-11-30 12:00:00,-0.07174472281994178,all sets
h110,SWE,334,2009-11-30 12:00:00,-0.15816789165284484,all sets
h111,SWE,334,2009-11-30 12:00:00,0.22352012955196987,all sets
h112,SWE,334,2009-11-30 12:00:00,-0.14746913996237215,all sets
h113,SWE,334,2009-11-30 12:00:00,-0.15598615805833194,all sets
h114,SWE,334,2009-11-30 12:00:00,-0.3176850336982487,all sets
h115,SWE,334,2009-11-30 12:00:00,-0.2719553453275907,all sets
h116,SWE,334,2009-11-30 12:00:00,-0.15399599166657635,all sets
h117,SWE,334,2009-11-30 12:00:00,0.03908866504387353,all sets
h118,SWE,334,2009-11-30 12:00:00,0.47045442255389636,all sets
h119,SWE,334,2009-11-30 12:00:00,-0.40381912484382076,all sets
h120,SWE,334,2009-11-30 12:00:00,0.09904301682451731,all sets
h121,SWE,334,2009-11-30 12:00:00,-0.04425492504812274,all sets
h122,SWE,334,2009-11-30 12:00:00,0.04751159936928782,all sets
h123,SWE,334,2009-11-30 12:00:00,-0.31954863108887244,all sets
h124,SWE,334,2009-11-30 12:00:00,-0.0867491874692092,all sets
h125,SWE,334,2009-11-30 12:00:00,0.0165684615903358,all sets
h126,SWE,334,2009-11-30 12:00:00,-0.003402119041841824,all sets
h127,SWE,334,2009-11-30 12:00:00,-0.32579327896246185,all sets
h128,SWE,334,2009-11-30 12:00:00,-0.013931231182537673,all sets
h129,SWE,334,2009-11-30 12:00:00,-0.2700955227341702,all sets
h130,SWE,334,2009-11-30 12:00:00,-0.3234793246867272,all sets
h131,SWE,334,2009-11-30 12:00:00,-0.4383414333040243,all sets
h132,SWE,334,2009-11-30 12:00:00,-0.2912192918243056,all sets
h133,SWE,334,2009-11-30 12:00:00,-0.44033434915277553,all sets
h134,SWE,334,2009-11-30 12:00:00,-0.15388293265181358,all sets
h135,SWE,334,2009-11-30 12:00:00,0.030816237206202475,all sets
h136,SWE,334,2009-11-30 12:00:00,-0.029218165978875825,all sets
h137,SWE,334,2009-11-30 12:00:00,0.006716273387186974,all sets
h138,SWE,334,2009-11-30 12:00:00,0.06001513858548209,all sets
h139,SWE,334,2009-11-30 12:00:00,-0.3762441791189738,all sets
h140,SWE,334,2009-11-30 12:00:00,0.1897705899018493,all sets
h141,SWE,334,2009-11-30 12:00:00,0.23506480159488105,all sets
h142,SWE,334,2009-11-30 12:00:00,0.2837192924378009,all sets
h143,SWE,334,2009-11-30 12:00:00,0.3386703195806701,all sets
h144,SWE,334,2009-11-30 12:00:00,0.276175946031162,all sets
h145,SWE,334,2009-11-30 12:00:00,0.3624883592626646,all sets
h146,SWE,334,2009-11-30 12:00:00,0.5103979190171923,all sets
h147,SWE,334,2009-11-30 12:00:00,0.6126217192198968,all sets
h148,SWE,334,2009-11-30 12:00:00,0.3236210900750585,all sets
h149,SWE,334,2009-11-30 12:00:00,0.20781354650643358,all sets
h150,SWE,334,2009-11-30 12:00:00,0.35943911163489584,all sets
h151,SWE,334,2009-11-30 12:00:00,0.1103050522298534,all sets
h152,SWE,334,2009-11-30 12:00:00,0.4536593300137994,all sets
h153,SWE,334,2009-11-30 12:00:00,-0.039748274044337936,all sets
h154,SWE,334,2009-11-30 12:00:00,0.12984137762553408,all sets
h155,SWE,334,2009-11-30 12:00:00,-0.26909159667414484,all sets
h156,SWE,334,2009-11-30 12:00:00,0.09602731525425555,all sets
h157,SWE,334,2009-11-30 12:00:00,0.20907125392279274,all sets
h158,SWE,334,2009-11-30 12:00:00,0.04375180345335358,all sets
h159,SWE,334,2009-11-30 12:00:00,0.10661680479560731,all sets
h160,SWE,334,2009-11-30 12:00:00,0.04617274530030007,all sets
h161,SWE,334,2009-11-30 12:00:00,0.097746806159267,all sets
h162,SWE,334,2009-11-30 12:00:00,-0.16674479288539534,all sets
h163,SWE,334,2009-11-30 12:00:00,0.2570562437482075,all sets
h164,SWE,334,2009-11-30 12:00:00,-0.17546287801657776,all sets
h165,SWE,334,2009-11-30 12:00:00,-0.1092270100723805,all sets
h166,SWE,334,2009-11-30 12:00:00,-0.20064824574133536,all sets
h167,SWE,334,2009-11-30 12:00:00,-0.044666688509462316,all sets
h168,SWE,334,2009-11-30 12:00:00,0.02174717321846599,all sets
h169,SWE,334,2009-11-30 12:00:00,0.022196625451769668,all sets
h147,SWE,334,2009-11-30 12:00:00,0.6126217192198968,sets with events
h046,SWE,334,2009-11-30 12:00:00,0.2871166669722754,sets with events
h148,SWE,334,2009-11-30 12:00:00,0.3236210900750585,sets with events
h150,SWE,334,2009-11-30 12:00:00,0.35943911163489584,sets with events
h118,SWE,334,2009-11-30 12:00:00,0.47045442255389636,sets with events
h146,SWE,334,2009-11-30 12:00:00,0.5103979190171923,sets with events
h165,SWE,334,2009-11-30 12:00:00,-0.1092270100723805,sets with events
h103,SWE,334,2009-11-30 12:00:00,0.19662830065136513,sets with events
h061,SWE,334,2009-11-30 12:00:00,0.3231600777428622,sets with events
h151,SWE,334,2009-11-30 12:00:00,0.1103050522298534,sets with events
h069,SWE,334,2009-11-30 12:00:00,0.6869901363458553,sets with events
h068,SWE,334,2009-11-30 12:00:00,0.13960007124072782,sets with events
h025,SWE,334,2009-11-30 12:00:00,0.13657214470871715,sets with events
h102,SWE,334,2009-11-30 12:00:00,0.1840128513837577,sets with events
h141,SWE,334,2009-11-30 12:00:00,0.23506480159488105,sets with events
h048,SWE,334,2009-11-30 12:00:00,0.10019754789985688,sets with events
h120,SWE,334,2009-11-30 12:00:00,0.09904301682451731,sets with events
h010,SWE,334,2009-11-30 12:00:00,0.11687022546880918,sets with events
h163,SWE,334,2009-11-30 12:00:00,0.2570562437482075,sets with events
h145,SWE,334,2009-11-30 12:00:00,0.3624883592626646,sets with events
h092,SWE,334,2009-11-30 12:00:00,0.08728595617702199,sets with events
h090,SWE,334,2009-11-30 12:00:00,-0.11623364351857655,sets with events
h059,SWE,334,2009-11-30 12:00:00,0.37800747644370025,sets with events
h021,SWE,334,2009-11-30 12:00:00,-0.05460344981551994,sets with events
h087,SWE,334,2009-11-30 12:00:00,0.449646385930408,sets with events
h154,SWE,334,2009-11-30 12:00:00,0.12984137762553408,sets with events
h138,SWE,334,2009-11-30 12:00:00,0.06001513858548209,sets with events
h053,SWE,334,2009-11-30 12:00:00,0.2629357546304826,sets with events
h063,SWE,334,2009-11-30 12:00:00,0.16150030216606548,sets with events
h058,SWE,334,2009-11-30 12:00:00,0.2871678544267167,sets with events
h149,SWE,334,2009-11-30 12:00:00,0.20781354650643358,sets with events
h067,SWE,334,2009-11-30 12:00:00,0.2549818273898861,sets with events
h013,SWE,334,2009-11-30 12:00:00,0.07142899831623,sets with events
h033,SWE,334,2009-11-30 12:00:00,0.22996660995419876,sets with events
h052,SWE,334,2009-11-30 12:00:00,0.3291391920796758,sets with events
h157,SWE,334,2009-11-30 12:00:00,0.20907125392279274,sets with events
h096,SWE,334,2009-11-30 12:00:00,0.31897786394701627,sets with events
h047,SWE,334,2009-11-30 12:00:00,0.31700835772800257,sets with events
h032,SWE,334,2009-11-30 12:00:00,0.32741947856626097,sets with events
h064,SWE,334,2009-11-30 12:00:00,0.08995192806680037,sets with events
h143,SWE,334,2009-11-30 12:00:00,0.3386703195806701,sets with events
h160,SWE,334,2009-11-30 12:00:00,0.04617274530030007,sets with events
h117,SWE,334,2009-11-30 12:00:00,0.03908866504387353,sets with events
h081,SWE,334,2009-11-30 12:00:00,-0.2545763452914468,sets with events
h056,SWE,334,2009-11-30 12:00:00,0.4843142739782795,sets with events
h152,SWE,334,2009-11-30 12:00:00,0.4536593300137994,sets with events
h169,SWE,334,2009-11-30 12:00:00,0.022196625451769668,sets with events
h093,SWE,334,2009-11-30 12:00:00,0.10679389039048723,sets with events
h142,SWE,334,2009-11-30 12:00:00,0.2837192924378009,sets with events
h161,SWE,334,2009-11-30 12:00:00,0.097746806159267,sets with events
h168,SWE,334,2009-11-30 12:00:00,0.02174717321846599,sets with events
h156,SWE,334,2009-11-30 12:00:00,0.09602731525425555,sets with events
h111,SWE,334,2009-11-30 12:00:00,0.22352012955196987,sets with events
h097,SWE,334,2009-11-30 12:00:00,0.03765306998848216,sets with events
h124,SWE,334,2009-11-30 12:00:00,-0.0867491874692092,sets with events
h045,SWE,334,2009-11-30 12:00:00,0.10520659745259457,sets with events
h078,SWE,334,2009-11-30 12:00:00,0.268349162235746,sets with events
h121,SWE,334,2009-11-30 12:00:00,-0.04425492504812274,sets with events
h098,SWE,334,2009-11-30 12:00:00,0.30943668793534745,sets with events
h055,SWE,334,2009-11-30 12:00:00,0.1096288114385213,sets with events
h140,SWE,334,2009-11-30 12:00:00,0.1897705899018493,sets with events
h030,SWE,334,2009-11-30 12:00:00,0.1087067579576399,sets with events
h144,SWE,334,2009-11-30 12:00:00,0.276175946031162,sets with events
h037,SWE,334,2009-11-30 12:00:00,0.248491764089941,sets with events
h020,SWE,334,2009-11-30 12:00:00,0.10681966674481418,sets with events
h027,SWE,334,2009-11-30 12:00:00,0.10517876431303795,sets with events
h085,SWE,334,2009-11-30 12:00:00,0.06398945233654169,sets with events
h044,SWE,334,2009-11-30 12:00:00,-0.055159036615279336,sets with events
h010,NOR,334,2009-11-30 12:00:00,0.019494118448976024,all sets
h011,NOR,334,2009-11-30 12:00:00,0.09502347813290267,all sets
h012,NOR,334,2009-11-30 12:00:00,-0.2289422579150542,all sets
h013,NOR,334,2009-11-30 12:00:00,0.06500328987921423,all sets
h014,NOR,334,2009-11-30 12:00:00,-0.19282739689306985,all sets
h015,NOR,334,2009-11-30 12:00:00,0.047751505939836694,all sets
h016,NOR,334,2009-11-30 12:00:00,-0.28827771433150784,all sets
h017,NOR,334,2009-11-30 12:00:00,-0.3527378960654097,all sets
h018,NOR,334,2009-11-30 12:00:00,-0.2790144988807652,all sets
h019,NOR,334,2009-11-30 12:00:00,-0.43963250930921155,all sets
h020,NOR,334,2009-11-30 12:00:00,0.36128001133393645,all sets
h021,NOR,334,2009-11-30 12:00:00,-0.19804885395330013,all sets
h022,NOR,334,2009-11-30 12:00:00,-0.08914164736256809,all sets
h023,NOR,334,2009-11-30 12:00:00,0.0294093508386628,all sets
h024,NOR,334,2009-11-30 12:00:00,0.010116736447819774,all sets
h025,NOR,334,2009-11-30 12:00:00,0.06404723839797857,all sets
h026,NOR,334,2009-11-30 12:00:00,-0.3218701956851704,all sets
h027,NOR,334,2009-11-30 12:00:00,-0.13612277209671653,all sets
h028,NOR,334,2009-11-30 12:00:00,-0.4314709967021213,all sets
h029,NOR,334,2009-11-30 12:00:00,-0.10335357470578084,all sets
h030,NOR,334,2009-11-30 12:00:00,0.0032953626608341266,all sets
h031,NOR,334,2009-11-30 12:00:00,0.02126578649184342,all sets
h032,NOR,334,2009-11-30 12:00:00,0.35602264088286756,all sets
h033,NOR,334,2009-11-30 12:00:00,0.38441011329007935,all sets
h034,NOR,334,2009-11-30 12:00:00,-0.38475041257903686,all sets
h035,NOR,334,2009-11-30 12:00:00,-0.16736446434336413,all sets
h036,NOR,334,2009-11-30 12:00:00,-0.07952034908495924,all sets
h037,NOR,334,2009-11-30 12:00:00,0.2885064523536517,all sets
h038,NOR,334,2009-11-30 12:00:00,-0.1834118729242455,all sets
h039,NOR,334,2009-11-30 12:00:00,0.051739409622172515,all sets
h040,NOR,334,2009-11-30 12:00:00,0.10834886655365855,all sets
h041,NOR,334,2009-11-30 12:00:00,-0.17647955460902598,all sets
h042,NOR,334,2009-11-30 12:00:00,-0.21502665602412604,all sets
h043,NOR,334,2009-11-30 12:00:00,-0.10159627798997925,all sets
h044,NOR,334,2009-11-30 12:00:00,-0.006108095796002421,all sets
h045,NOR,334,2009-11-30 12:00:00,0.562030877571633,all sets
h046,NOR,334,2009-11-30 12:00:00,0.4769055589384702,all sets
h047,NOR,334,2009-11-30 12:00:00,0.07218592697364141,all sets
h048,NOR,334,2009-11-30 12:00:00,0.04082891758108375,all sets
h049,NOR,334,2009-11-30 12:00:00,0.09178811526951473,all sets
h050,NOR,334,2009-11-30 12:00:00,-0.1397260331771334,all sets
h051,NOR,334,2009-11-30 12:00:00,0.06975225930289711,all sets
h052,NOR,334,2009-11-30 12:00:00,0.4630739024446967,all sets
h053,NOR,334,2009-11-30 12:00:00,0.4272916952034408,all sets
h054,NOR,334,2009-11-30 12:00:00,0.21363124871465103,all sets
h055,NOR,334,2009-11-30 12:00:00,0.2228800843125851,all sets
h056,NOR,334,2009-11-30 12:00:00,0.5770964313093937,all sets
h057,NOR,334,2009-11-30 12:00:00,0.1831196992304255,all sets
h058,NOR,334,2009-11-30 12:00:00,0.13953450081667848,all sets
h059,NOR,334,2009-11-30 12:00:00,0.42243821711577056,all sets
h060,NOR,334,2009-11-30 12:00:00,-0.08703916766920432,all sets
h061,NOR,334,2009-11-30 12:00:00,0.4823641816680178,all sets
h062,NOR,334,2009-11-30 12:00:00,0.150075992322389,all sets
h063,NOR,334,2009-11-30 12:00:00,0.1552718772461378,all sets
h064,NOR,334,2009-11-30 12:00:00,0.19381016543789897,all sets
h065,NOR,334,2009-11-30 12:00:00,-0.5864525915405369,all sets
h066,NOR,334,2009-11-30 12:00:00,-0.02683838018482632,all sets
h067,NOR,334,2009-11-30 12:00:00,0.14948747498375942,all sets
h068,NOR,334,2009-11-30 12:00:00,0.34593882490477007,all sets
h069,NOR,334,2009-11-30 12:00:00,0.6039058686614218,all sets
h070,NOR,334,2009-11-30 12:00:00,-0.4405325686249697,all sets
h071,NOR,334,2009-11-30 12:00:00,-0.5995261955883643,all sets
h072,NOR,334,2009-11-30 12:00:00,-0.07306709583527313,all sets
h073,NOR,334,2009-11-30 12:00:00,-0.008186262320506937,all sets
h074,NOR,334,2009-11-30 12:00:00,-0.2943174726866462,all sets
h075,NOR,334,2009-11-30 12:00:00,0.022184752143735883,all sets
h076,NOR,334,2009-11-30 12:00:00,-0.6391627551346587,all sets
h077,NOR,334,2009-11-30 12:00:00,-0.023100219270768683,all sets
h078,NOR,334,2009-11-30 12:00:00,-0.03571934813016672,all sets
h079,NOR,334,2009-11-30 12:00:00,-0.3029687548622257,all sets
h080,NOR,334,2009-11-30 12:00:00,-0.3612509000638497,all sets
h081,NOR,334,2009-11-30 12:00:00,-0.4912132258207512,all sets
h082,NOR,334,2009-11-30 12:00:00,-0.46551548059108544,all sets
h083,NOR,334,2009-11-30 12:00:00,-0.1686631679591315,all sets
h084,NOR,334,2009-11-30 12:00:00,-0.2110473183106428,all sets
h085,NOR,334,2009-11-30 12:00:00,0.13246985735539282,all sets
h086,NOR,334,2009-11-30 12:00:00,0.10682272926761195,all sets
h087,NOR,334,2009-11-30 12:00:00,0.47710819850253855,all sets
h088,NOR,334,2009-11-30 12:00:00,-0.501805639266662,all sets
h089,NOR,334,2009-11-30 12:00:00,0.22243986108418543,all sets
h090,NOR,334,2009-11-30 12:00:00,0.13317672040153306,all sets
h091,NOR,334,2009-11-30 12:00:00,0.020527785540753653,all sets
h092,NOR,334,2009-11-30 12:00:00,0.10922249947821022,all sets
h093,NOR,334,2009-11-30 12:00:00,-0.4321384976190205,all sets
h094,NOR,334,2009-11-30 12:00:00,0.011557319670727817,all sets
h095,NOR,334,2009-11-30 12:00:00,0.25757654352791387,all sets
h096,NOR,334,2009-11-30 12:00:00,0.22064564630975514,all sets
h097,NOR,334,2009-11-30 12:00:00,0.012071260336119312,all sets
h098,NOR,334,2009-11-30 12:00:00,0.27600649335766286,all sets
h099,NOR,334,2009-11-30 12:00:00,-0.13978824084691693,all sets
h100,NOR,334,2009-11-30 12:00:00,0.3117172104284523,all sets
h101,NOR,334,2009-11-30 12:00:00,-0.22352954133076475,all sets
h102,NOR,334,2009-11-30 12:00:00,0.16615985849007187,all sets
h103,NOR,334,2009-11-30 12:00:00,0.16711585185497577,all sets
h104,NOR,334,2009-11-30 12:00:00,-0.11572940199418513,all sets
h105,NOR,334,2009-11-30 12:00:00,0.043467597778459995,all sets
h106,NOR,334,2009-11-30 12:00:00,0.08298145150603559,all sets
h107,NOR,334,2009-11-30 12:00:00,-0.5668192216341355,all sets
h108,NOR,334,2009-11-30 12:00:00,-0.021727264827926546,all sets
h109,NOR,334,2009-11-30 12:00:00,0.0879024559969084,all sets
h110,NOR,334,2009-11-30 12:00:00,-0.03928907179790778,all sets
h111,NOR,334,2009-11-30 12:00:00,0.2339728194326445,all sets
h112,NOR,334,2009-11-30 12:00:00,-0.24960228235686002,all sets
h113,NOR,334,2009-11-30 12:00:00,-0.39654711479864174,all sets
h114,NOR,334,2009-11-30 12:00:00,-0.3870170443185467,all sets
h115,NOR,334,2009-11-30 12:00:00,-0.18263988281413196,all sets
h116,NOR,334,2009-11-30 12:00:00,-0.0392348432521258,all sets
h117,NOR,334,2009-11-30 12:00:00,-0.06611094965726955,all sets
h118,NOR,334,2009-11-30 12:00:00,0.46393276687126606,all sets
h119,NOR,334,2009-11-30 12:00:00,0.11284294122763458,all sets
h120,NOR,334,2009-11-30 12:00:00,-0.008845873759974213,all sets
h121,NOR,334,2009-11-30 12:00:00,-0.29765606221412716,all sets
h122,NOR,334,2009-11-30 12:00:00,-0.07577340162669817,all sets
h123,NOR,334,2009-11-30 12:00:00,-0.3355741132086368,all sets
h124,NOR,334,2009-11-30 12:00:00,-0.16032719330960174,all sets
h125,NOR,334,2009-11-30 12:00:00,-0.049564138412249055,all sets
h126,NOR,334,2009-11-30 12:00:00,0.0007042959271811249,all sets
h127,NOR,334,2009-11-30 12:00:00,-0.12564511936916137,all sets
h128,NOR,334,2009-11-30 12:00:00,-0.007391726380301713,all sets
h129,NOR,334,2009-11-30 12:00:00,-0.08927909101428792,all sets
h130,NOR,334,2009-11-30 12:00:00,-0.24407368410148267,all sets
h131,NOR,334,2009-11-30 12:00:00,-0.446360206410027,all sets
h132,NOR,334,2009-11-30 12:00:00,-0.3388304913251997,all sets
h133,NOR,334,2009-11-30 12:00:00,-0.6577646222527165,all sets
h134,NOR,334,2009-11-30 12:00:00,-0.5445371137912701,all sets
h135,NOR,334,2009-11-30 12:00:00,-0.1514669607013885,all sets
h136,NOR,334,2009-11-30 12:00:00,-0.08759913791720575,all sets
h137,NOR,334,2009-11-30 12:00:00,-0.17273292473064053,all sets
h138,NOR,334,2009-11-30 12:00:00,0.25676568287801554,all sets
h139,NOR,334,2009-11-30 12:00:00,-0.375352062536073,all sets
h140,NOR,334,2009-11-30 12:00:00,0.4215380835008685,all sets
h141,NOR,334,2009-11-30 12:00:00,0.4582125164441896,all sets
h142,NOR,334,2009-11-30 12:00:00,0.5900182953906914,all sets
h143,NOR,334,2009-11-30 12:00:00,0.4928094704707967,all sets
h144,NOR,334,2009-11-30 12:00:00,0.5255743994030875,all sets
h145,NOR,334,2009-11-30 12:00:00,0.6632862906710222,all sets
h146,NOR,334,2009-11-30 12:00:00,0.4220919535286783,all sets
h147,NOR,334,2009-11-30 12:00:00,0.48244672224590346,all sets
h148,NOR,334,2009-11-30 12:00:00,0.12299697251079607,all sets
h149,NOR,334,2009-11-30 12:00:00,0.04108612265584718,all sets
h150,NOR,334,2009-11-30 12:00:00,0.23322555312474288,all sets
h151,NOR,334,2009-11-30 12:00:00,-0.08965706471683516,all sets
h152,NOR,334,2009-11-30 12:00:00,0.32723826793838623,all sets
h153,NOR,334,2009-11-30 12:00:00,0.21224908112313437,all sets
h154,NOR,334,2009-11-30 12:00:00,0.23881408148975022,all sets
h155,NOR,334,2009-11-30 12:00:00,-0.487318182645869,all sets
h156,NOR,334,2009-11-30 12:00:00,0.25171589160077973,all sets
h157,NOR,334,2009-11-30 12:00:00,0.10006214327714584,all sets
h158,NOR,334,2009-11-30 12:00:00,0.5141977724050868,all sets
h159,NOR,334,2009-11-30 12:00:00,0.11538566529314034,all sets
h160,NOR,334,2009-11-30 12:00:00,-0.2551508551278837,all sets
h161,NOR,334,2009-11-30 12:00:00,-0.19614381216774637,all sets
h162,NOR,334,2009-11-30 12:00:00,-0.07679502158205141,all sets
h163,NOR,334,2009-11-30 12:00:00,0.16314371319047244,all sets
h164,NOR,334,2009-11-30 12:00:00,-0.2410652572703891,all sets
h165,NOR,334,2009-11-30 12:00:00,-0.3117799620582139,all sets
h166,NOR,334,2009-11-30 12:00:00,-0.2181520613574591,all sets
h167,NOR,334,2009-11-30 12:00:00,0.22236528145638423,all sets
h168,NOR,334,2009-11-30 12:00:00,0.4346256544009555,all sets
h169,NOR,334,2009-11-30 12:00:00,-0.17474264124860742,all sets
h046,NOR,334,2009-11-30 12:00:00,0.4769055589384702,sets with events
h146,NOR,334,2009-11-30 12:00:00,0.4220919535286783,sets with events
h056,NOR,334,2009-11-30 12:00:00,0.5770964313093937,sets with events
h145,NOR,334,2009-11-30 12:00:00,0.6632862906710222,sets with events
h052,NOR,334,2009-11-30 12:00:00,0.4630739024446967,sets with events
h150,NOR,334,2009-11-30 12:00:00,0.23322555312474288,sets with events
h157,NOR,334,2009-11-30 12:00:00,0.10006214327714584,sets with events
h144,NOR,334,2009-11-30 12:00:00,0.5255743994030875,sets with events
h061,NOR,334,2009-11-30 12:00:00,0.4823641816680178,sets with events
h118,NOR,334,2009-11-30 12:00:00,0.46393276687126606,sets with events
h147,NOR,334,2009-11-30 12:00:00,0.48244672224590346,sets with events
h010,NOR,334,2009-11-30 12:00:00,0.019494118448976024,sets with events
h154,NOR,334,2009-11-30 12:00:00,0.23881408148975022,sets with events
h032,NOR,334,2009-11-30 12:00:00,0.35602264088286756,sets with events
h069,NOR,334,2009-11-30 12:00:00,0.6039058686614218,sets with events
h098,NOR,334,2009-11-30 12:00:00,0.27600649335766286,sets with events
h153,NOR,334,2009-11-30 12:00:00,0.21224908112313437,sets with events
h020,NOR,334,2009-11-30 12:00:00,0.36128001133393645,sets with events
h033,NOR,334,2009-11-30 12:00:00,0.38441011329007935,sets with events
h068,NOR,334,2009-11-30 12:00:00,0.34593882490477007,sets with events
h045,NOR,334,2009-11-30 12:00:00,0.562030877571633,sets with events
h168,NOR,334,2009-11-30 12:00:00,0.4346256544009555,sets with events
h106,NOR,334,2009-11-30 12:00:00,0.08298145150603559,sets with events
h158,NOR,334,2009-11-30 12:00:00,0.5141977724050868,sets with events
h102,NOR,334,2009-11-30 12:00:00,0.16615985849007187,sets with events
h120,NOR,334,2009-11-30 12:00:00,-0.008845873759974213,sets with events
h167,NOR,334,2009-11-30 12:00:00,0.22236528145638423,sets with events
h140,NOR,334,2009-11-30 12:00:00,0.4215380835008685,sets with events
h085,NOR,334,2009-11-30 12:00:00,0.13246985735539282,sets with events
h141,NOR,334,2009-11-30 12:00:00,0.4582125164441896,sets with events
h053,NOR,334,2009-11-30 12:00:00,0.4272916952034408,sets with events
h143,NOR,334,2009-11-30 12:00:00,0.4928094704707967,sets with events
h090,NOR,334,2009-11-30 12:00:00,0.13317672040153306,sets with events
h142,NOR,334,2009-11-30 12:00:00,0.5900182953906914,sets with events
h095,NOR,334,2009-11-30 12:00:00,0.25757654352791387,sets with events
h087,NOR,334,2009-11-30 12:00:00,0.47710819850253855,sets with events
h015,NOR,334,2009-11-30 12:00:00,0.047751505939836694,sets with events
h156,NOR,334,2009-11-30 12:00:00,0.25171589160077973,sets with events
h149,NOR,334,2009-11-30 12:00:00,0.04108612265584718,sets with events
h129,NOR,334,2009-11-30 12:00:00,-0.08927909101428792,sets with events
h163,NOR,334,2009-11-30 12:00:00,0.16314371319047244,sets with events
h039,NOR,334,2009-11-30 12:00:00,0.051739409622172515,sets with events
h024,NOR,334,2009-11-30 12:00:00,0.010116736447819774,sets with events
h116,NOR,334,2009-11-30 12:00:00,-0.0392348432521258,sets with events
h013,NOR,334,2009-11-30 12:00:00,0.06500328987921423,sets with events
h119,NOR,334,2009-11-30 12:00:00,0.11284294122763458,sets with events
h100,NOR,334,2009-11-30 12:00:00,0.3117172104284523,sets with events
h067,NOR,334,2009-11-30 12:00:00,0.14948747498375942,sets with events
h063,NOR,334,2009-11-30 12:00:00,0.1552718772461378,sets with events
h128,NOR,334,2009-11-30 12:00:00,-0.007391726380301713,sets with events
h059,NOR,334,2009-11-30 12:00:00,0.42243821711577056,sets with events
h086,NOR,334,2009-11-30 12:00:00,0.10682272926761195,sets with events
h055,NOR,334,2009-11-30 12:00:00,0.2228800843125851,sets with events
h138,NOR,334,2009-11-30 12:00:00,0.25676568287801554,sets with events
h109,NOR,334,2009-11-30 12:00:00,0.0879024559969084,sets with events
h089,NOR,334,2009-11-30 12:00:00,0.22243986108418543,sets with events
h096,NOR,334,2009-11-30 12:00:00,0.22064564630975514,sets with events
h125,NOR,334,2009-11-30 12:00:00,-0.049564138412249055,sets with events
h064,NOR,334,2009-11-30 12:00:00,0.19381016543789897,sets with events
h092,NOR,334,2009-11-30 12:00:00,0.10922249947821022,sets with events
h103,NOR,334,2009-11-30 12:00:00,0.16711585185497577,sets with events
h084,NOR,334,2009-11-30 12:00:00,-0.2110473183106428,sets with events
h105,NOR,334,2009-11-30 12:00:00,0.043467597778459995,sets with events
h152,NOR,334,2009-11-30 12:00:00,0.32723826793838623,sets with events
h066,NOR,334,2009-11-30 12:00:00,-0.02683838018482632,sets with events
h021,NOR,334,2009-11-30 12:00:00,-0.19804885395330013,sets with events
h040,NOR,334,2009-11-30 12:00:00,0.10834886655365855,sets with events
h010,CHE,334,2009-11-30 12:00:00,-0.12514602939546973,all sets
h011,CHE,334,2009-11-30 12:00:00,0.002006623174515893,all sets
h012,CHE,334,2009-11-30 12:00:00,-0.13278180896548045,all sets
h013,CHE,334,2009-11-30 12:00:00,-0.07292095848700485,all sets
h014,CHE,334,2009-11-30 12:00:00,-0.07678086960027015,all sets
h015,CHE,334,2009-11-30 12:00:00,0.05975934235973289,all sets
h016,CHE,334,2009-11-30 12:00:00,0.08882987643213457,all sets
h017,CHE,334,2009-11-30 12:00:00,-0.012473338209024637,all sets
h018,CHE,334,2009-11-30 12:00:00,-0.15133396639085764,all sets
h019,CHE,334,2009-11-30 12:00:00,-0.1969915819222084,all sets
h020,CHE,334,2009-11-30 12:00:00,0.27570711768688044,all sets
h021,CHE,334,2009-11-30 12:00:00,0.013827138900511814,all sets
h022,CHE,334,2009-11-30 12:00:00,-0.33286283561793073,all sets
h023,CHE,334,2009-11-30 12:00:00,0.19579649873065064,all sets
h024,CHE,334,2009-11-30 12:00:00,-0.2298295471537594,all sets
h025,CHE,334,2009-11-30 12:00:00,0.06458944343381107,all sets
h026,CHE,334,2009-11-30 12:00:00,-0.16894937685402797,all sets
h027,CHE,334,2009-11-30 12:00:00,-0.07509912405158015,all sets
h028,CHE,334,2009-11-30 12:00:00,-0.24133662789930474,all sets
h029,CHE,334,2009-11-30 12:00:00,0.29680352915722624,all sets
h030,CHE,334,2009-11-30 12:00:00,-0.016707844721757577,all sets
h031,CHE,334,2009-11-30 12:00:00,-0.28434972484264126,all sets
h032,CHE,334,2009-11-30 12:00:00,0.2521037432451787,all sets
h033,CHE,334,2009-11-30 12:00:00,-0.30182611184127095,all sets
h034,CHE,334,2009-11-30 12:00:00,0.1953412826649675,all sets
h035,CHE,334,2009-11-30 12:00:00,0.08693495950941386,all sets
h036,CHE,334,2009-11-30 12:00:00,0.4476565910661922,all sets
h037,CHE,334,2009-11-30 12:00:00,-0.11436435139996576,all sets
h038,CHE,334,2009-11-30 12:00:00,-0.06351626516587904,all sets
h039,CHE,334,2009-11-30 12:00:00,-0.10202593857933318,all sets
h040,CHE,334,2009-11-30 12:00:00,-0.09702522588411372,all sets
h041,CHE,334,2009-11-30 12:00:00,0.02694018521541868,all sets
h042,CHE,334,2009-11-30 12:00:00,0.030967711577463572,all sets
h043,CHE,334,2009-11-30 12:00:00,0.040440071450295795,all sets
h044,CHE,334,2009-11-30 12:00:00,-0.0660620342156684,all sets
h045,CHE,334,2009-11-30 12:00:00,-0.14603152003452355,all sets
h046,CHE,334,2009-11-30 12:00:00,-0.48100487893248056,all sets
h047,CHE,334,2009-11-30 12:00:00,-0.011782603964477951,all sets
h048,CHE,334,2009-11-30 12:00:00,-0.05336003858695423,all sets
h049,CHE,334,2009-11-30 12:00:00,-0.21046383769312896,all sets
h050,CHE,334,2009-11-30 12:00:00,-0.025704991491490498,all sets
h051,CHE,334,2009-11-30 12:00:00,0.3446244947153075,all sets
h052,CHE,334,2009-11-30 12:00:00,0.09671949460212102,all sets
h053,CHE,334,2009-11-30 12:00:00,0.178347693515055,all sets
h054,CHE,334,2009-11-30 12:00:00,-0.05817502046513583,all sets
h055,CHE,334,2009-11-30 12:00:00,0.1310579462487154,all sets
h056,CHE,334,2009-11-30 12:00:00,-0.023968443035282918,all sets
h057,CHE,334,2009-11-30 12:00:00,0.03221568651026572,all sets
h058,CHE,334,2009-11-30 12:00:00,0.01012679378339728,all sets
h059,CHE,334,2009-11-30 12:00:00,0.0644346332361302,all sets
h060,CHE,334,2009-11-30 12:00:00,-0.19239758949461555,all sets
h061,CHE,334,2009-11-30 12:00:00,0.364705065778641,all sets
h062,CHE,334,2009-11-30 12:00:00,0.03424950997954191,all sets
h063,CHE,334,2009-11-30 12:00:00,0.05271929268484038,all sets
h064,CHE,334,2009-11-30 12:00:00,-0.0017064598782014142,all sets
h065,CHE,334,2009-11-30 12:00:00,0.09885486949207804,all sets
h066,CHE,334,2009-11-30 12:00:00,0.12857335867986092,all sets
h067,CHE,334,2009-11-30 12:00:00,0.20262395575835915,all sets
h068,CHE,334,2009-11-30 12:00:00,-0.23798375415174988,all sets
h069,CHE,334,2009-11-30 12:00:00,-0.07681670645496444,all sets
h070,CHE,334,2009-11-30 12:00:00,-0.001400443345682882,all sets
h071,CHE,334,2009-11-30 12:00:00,-0.047972258960519945,all sets
h072,CHE,334,2009-11-30 12:00:00,0.07799027261771649,all sets
h073,CHE,334,2009-11-30 12:00:00,-0.10513612945213982,all sets
h074,CHE,334,2009-11-30 12:00:00,-0.05577159343957023,all sets
h075,CHE,334,2009-11-30 12:00:00,-0.12976419640883333,all sets
h076,CHE,334,2009-11-30 12:00:00,-0.12234801452682277,all sets
h077,CHE,334,2009-11-30 12:00:00,0.16025646309501362,all sets
h078,CHE,334,2009-11-30 12:00:00,0.2586904249482745,all sets
h079,CHE,334,2009-11-30 12:00:00,0.12418225672560625,all sets
h080,CHE,334,2009-11-30 12:00:00,0.1299813272636802,all sets
h081,CHE,334,2009-11-30 12:00:00,0.1796654634161264,all sets
h082,CHE,334,2009-11-30 12:00:00,0.1275520101634339,all sets
h083,CHE,334,2009-11-30 12:00:00,0.2550333030873708,all sets
h084,CHE,334,2009-11-30 12:00:00,0.0499827385845821,all sets
h085,CHE,334,2009-11-30 12:00:00,0.31789713197791986,all sets
h086,CHE,334,2009-11-30 12:00:00,0.16474984816216726,all sets
h087,CHE,334,2009-11-30 12:00:00,-0.28995311150540015,all sets
h088,CHE,334,2009-11-30 12:00:00,0.13044812932838223,all sets
h089,CHE,334,2009-11-30 12:00:00,-0.019065426883511087,all sets
h090,CHE,334,2009-11-30 12:00:00,0.13496936965796844,all sets
h091,CHE,334,2009-11-30 12:00:00,-0.013283184268491373,all sets
h092,CHE,334,2009-11-30 12:00:00,0.09795683389226689,all sets
h093,CHE,334,2009-11-30 12:00:00,0.045670896408310103,all sets
h094,CHE,334,2009-11-30 12:00:00,-0.10188945965740138,all sets
h095,CHE,334,2009-11-30 12:00:00,-0.07569492834333301,all sets
h096,CHE,334,2009-11-30 12:00:00,0.31416123074686525,all sets
h097,CHE,334,2009-11-30 12:00:00,0.1671762954811198,all sets
h098,CHE,334,2009-11-30 12:00:00,0.09423024379017211,all sets
h099,CHE,334,2009-11-30 12:00:00,0.10636051401471906,all sets
h100,CHE,334,2009-11-30 12:00:00,0.028004687166884822,all sets
h101,CHE,334,2009-11-30 12:00:00,0.11474332801271901,all sets
h102,CHE,334,2009-11-30 12:00:00,0.21480685435349042,all sets
h103,CHE,334,2009-11-30 12:00:00,0.12049392590609455,all sets
h104,CHE,334,2009-11-30 12:00:00,-0.21227167713482822,all sets
h105,CHE,334,2009-11-30 12:00:00,-0.17995136040060403,all sets
h106,CHE,334,2009-11-30 12:00:00,0.03507993138951886,all sets
h107,CHE,334,2009-11-30 12:00:00,0.3728108471114005,all sets
h108,CHE,334,2009-11-30 12:00:00,0.05870535612552815,all sets
h109,CHE,334,2009-11-30 12:00:00,-0.08188837858275382,all sets
h110,CHE,334,2009-11-30 12:00:00,-0.09233481212244113,all sets
h111,CHE,334,2009-11-30 12:00:00,-0.03182150704582147,all sets
h112,CHE,334,2009-11-30 12:00:00,-0.24221067622933334,all sets
h113,CHE,334,2009-11-30 12:00:00,0.09412167158573985,all sets
h114,CHE,334,2009-11-30 12:00:00,-0.057859419576547395,all sets
h115,CHE,334,2009-11-30 12:00:00,-0.2848135170962264,all sets
h116,CHE,334,2009-11-30 12:00:00,-0.15939448036578838,all sets
h117,CHE,334,2009-11-30 12:00:00,-0.1826427938811798,all sets
h118,CHE,334,2009-11-30 12:00:00,-0.07463298029910188,all sets
h119,CHE,334,2009-11-30 12:00:00,-0.14376571323080803,all sets
h120,CHE,334,2009-11-30 12:00:00,-0.2396498708622675,all sets
h121,CHE,334,2009-11-30 12:00:00,0.23773062555901986,all sets
h122,CHE,334,2009-11-30 12:00:00,-0.15898106880107452,all sets
h123,CHE,334,2009-11-30 12:00:00,0.03976814310205786,all sets
h124,CHE,334,2009-11-30 12:00:00,0.22694675147332197,all sets
h125,CHE,334,2009-11-30 12:00:00,-0.046912495603842835,all sets
h126,CHE,334,2009-11-30 12:00:00,0.025785568165240535,all sets
h127,CHE,334,2009-11-30 12:00:00,-0.08398956082533185,all sets
h128,CHE,334,2009-11-30 12:00:00,-0.25668034689531766,all sets
h129,CHE,334,2009-11-30 12:00:00,0.11676721674270113,all sets
h130,CHE,334,2009-11-30 12:00:00,0.04299534001284303,all sets
h131,CHE,334,2009-11-30 12:00:00,-0.1114076220229732,all sets
h132,CHE,334,2009-11-30 12:00:00,0.20482191144967143,all sets
h133,CHE,334,2009-11-30 12:00:00,-0.059757259710193585,all sets
h134,CHE,334,2009-11-30 12:00:00,0.15081617803679334,all sets
h135,CHE,334,2009-11-30 12:00:00,0.18912172320838935,all sets
h136,CHE,334,2009-11-30 12:00:00,0.2709608616581351,all sets
h137,CHE,334,2009-11-30 12:00:00,-0.05100045403660326,all sets
h138,CHE,334,2009-11-30 12:00:00,-0.11709711410109101,all sets
h139,CHE,334,2009-11-30 12:00:00,-0.19657210225042768,all sets
h140,CHE,334,2009-11-30 12:00:00,-0.12457920755365777,all sets
h141,CHE,334,2009-11-30 12:00:00,0.2246879648383764,all sets
h142,CHE,334,2009-11-30 12:00:00,0.14940318274287367,all sets
h143,CHE,334,2009-11-30 12:00:00,-0.06542695266500895,all sets
h144,CHE,334,2009-11-30 12:00:00,0.3188735132489315,all sets
h145,CHE,334,2009-11-30 12:00:00,-0.0044265681404698385,all sets
h146,CHE,334,2009-11-30 12:00:00,0.2368009580649825,all sets
h147,CHE,334,2009-11-30 12:00:00,-0.10898627287401169,all sets
h148,CHE,334,2009-11-30 12:00:00,-0.09085925016823287,all sets
h149,CHE,334,2009-11-30 12:00:00,-0.3024180146233828,all sets
h150,CHE,334,2009-11-30 12:00:00,-0.21887344610155204,all sets
h151,CHE,334,2009-11-30 12:00:00,-0.004549596642159179,all sets
h152,CHE,334,2009-11-30 12:00:00,0.11996095293440247,all sets
h153,CHE,334,2009-11-30 12:00:00,-0.0767052488205626,all sets
h154,CHE,334,2009-11-30 12:00:00,-0.17830134507658574,all sets
h155,CHE,334,2009-11-30 12:00:00,-0.06297527375287522,all sets
h156,CHE,334,2009-11-30 12:00:00,-0.24179624449091489,all sets
h157,CHE,334,2009-11-30 12:00:00,0.26418503188506565,all sets
h158,CHE,334,2009-11-30 12:00:00,-0.30085284108514054,all sets
h159,CHE,334,2009-11-30 12:00:00,-0.12904471282184996,all sets
h160,CHE,334,2009-11-30 12:00:00,-0.05330823783575713,all sets
h161,CHE,334,2009-11-30 12:00:00,0.19373198243216383,all sets
h162,CHE,334,2009-11-30 12:00:00,-0.08094777575464344,all sets
h163,CHE,334,2009-11-30 12:00:00,-0.12537539312137963,all sets
h164,CHE,334,2009-11-30 12:00:00,-0.10394825690910843,all sets
h165,CHE,334,2009-11-30 12:00:00,0.09327001373813967,all sets
h166,CHE,334,2009-11-30 12:00:00,0.013047950143886405,all sets
h167,CHE,334,2009-11-30 12:00:00,0.058113024753778345,all sets
h168,CHE,334,2009-11-30 12:00:00,-0.016533107748457856,all sets
h169,CHE,334,2009-11-30 12:00:00,-0.2708660493599876,all sets
h120,CHE,334,2009-11-30 12:00:00,-0.2396498708622675,sets with events
h088,CHE,334,2009-11-30 12:00:00,0.13044812932838223,sets with events
h157,CHE,334,2009-11-30 12:00:00,0.26418503188506565,sets with events
h132,CHE,334,2009-11-30 12:00:00,0.20482191144967143,sets with events
h036,CHE,334,2009-11-30 12:00:00,0.4476565910661922,sets with events
h121,CHE,334,2009-11-30 12:00:00,0.23773062555901986,sets with events
h096,CHE,334,2009-11-30 12:00:00,0.31416123074686525,sets with events
h083,CHE,334,2009-11-30 12:00:00,0.2550333030873708,sets with events
h142,CHE,334,2009-11-30 12:00:00,0.14940318274287367,sets with events
h144,CHE,334,2009-11-30 12:00:00,0.3188735132489315,sets with events
h078,CHE,334,2009-11-30 12:00:00,0.2586904249482745,sets with events
h113,CHE,334,2009-11-30 12:00:00,0.09412167158573985,sets with events
h023,CHE,334,2009-11-30 12:00:00,0.19579649873065064,sets with events
h107,CHE,334,2009-11-30 12:00:00,0.3728108471114005,sets with events
h051,CHE,334,2009-11-30 12:00:00,0.3446244947153075,sets with events
h101,CHE,334,2009-11-30 12:00:00,0.11474332801271901,sets with events
h034,CHE,334,2009-11-30 12:00:00,0.1953412826649675,sets with events
h146,CHE,334,2009-11-30 12:00:00,0.2368009580649825,sets with events
h156,CHE,334,2009-11-30 12:00:00,-0.24179624449091489,sets with events
h053,CHE,334,2009-11-30 12:00:00,0.178347693515055,sets with events
h090,CHE,334,2009-11-30 12:00:00,0.13496936965796844,sets with events
h042,CHE,334,2009-11-30 12:00:00,0.030967711577463572,sets with events
h102,CHE,334,2009-11-30 12:00:00,0.21480685435349042,sets with events
h020,CHE,334,2009-11-30 12:00:00,0.27570711768688044,sets with events
h103,CHE,334,2009-11-30 12:00:00,0.12049392590609455,sets with events
h166,CHE,334,2009-11-30 12:00:00,0.013047950143886405,sets with events
h086,CHE,334,2009-11-30 12:00:00,0.16474984816216726,sets with events
h119,CHE,334,2009-11-30 12:00:00,-0.14376571323080803,sets with events
h135,CHE,334,2009-11-30 12:00:00,0.18912172320838935,sets with events
h098,CHE,334,2009-11-30 12:00:00,0.09423024379017211,sets with events
h011,CHE,334,2009-11-30 12:00:00,0.002006623174515893,sets with events
h131,CHE,334,2009-11-30 12:00:00,-0.1114076220229732,sets with events
h065,CHE,334,2009-11-30 12:00:00,0.09885486949207804,sets with events
h035,CHE,334,2009-11-30 12:00:00,0.08693495950941386,sets with events
h024,CHE,334,2009-11-30 12:00:00,-0.2298295471537594,sets with events
h100,CHE,334,2009-11-30 12:00:00,0.028004687166884822,sets with events
h064,CHE,334,2009-11-30 12:00:00,-0.0017064598782014142,sets with events
h076,CHE,334,2009-11-30 12:00:00,-0.12234801452682277,sets with events
h014,CHE,334,2009-11-30 12:00:00,-0.07678086960027015,sets with events
h141,CHE,334,2009-11-30 12:00:00,0.2246879648383764,sets with events
h015,CHE,334,2009-11-30 12:00:00,0.05975934235973289,sets with events
h066,CHE,334,2009-11-30 12:00:00,0.12857335867986092,sets with events
h136,CHE,334,2009-11-30 12:00:00,0.2709608616581351,sets with events
h079,CHE,334,2009-11-30 12:00:00,0.12418225672560625,sets with events
h063,CHE,334,2009-11-30 12:00:00,0.05271929268484038,sets with events
h043,CHE,334,2009-11-30 12:00:00,0.040440071450295795,sets with events
h032,CHE,334,2009-11-30 12:00:00,0.2521037432451787,sets with events
h099,CHE,334,2009-11-30 12:00:00,0.10636051401471906,sets with events
h134,CHE,334,2009-11-30 12:00:00,0.15081617803679334,sets with events
h081,CHE,334,2009-11-30 12:00:00,0.1796654634161264,sets with events
h127,CHE,334,2009-11-30 12:00:00,-0.08398956082533185,sets with events
h027,CHE,334,2009-11-30 12:00:00,-0.07509912405158015,sets with events
h108,CHE,334,2009-11-30 12:00:00,0.05870535612552815,sets with events
h161,CHE,334,2009-11-30 12:00:00,0.19373198243216383,sets with events
h067,CHE,334,2009-11-30 12:00:00,0.20262395575835915,sets with events
h012,CHE,334,2009-11-30 12:00:00,-0.13278180896548045,sets with events
h058,CHE,334,2009-11-30 12:00:00,0.01012679378339728,sets with events
h041,CHE,334,2009-11-30 12:00:00,0.02694018521541868,sets with events
h061,CHE,334,2009-11-30 12:00:00,0.364705065778641,sets with events
h052,CHE,334,2009-11-30 12:00:00,0.09671949460212102,sets with events
h072,CHE,334,2009-11-30 12:00:00,0.07799027261771649,sets with events
h068,CHE,334,2009-11-30 12:00:00,-0.23798375415174988,sets with events
h092,CHE,334,2009-11-30 12:00:00,0.09795683389226689,sets with events
h097,CHE,334,2009-11-30 12:00:00,0.1671762954811198,sets with events
h082,CHE,334,2009-11-30 12:00:00,0.1275520101634339,sets with events
h151,CHE,334,2009-11-30 12:00:00,-0.004549596642159179,sets with events
h055,CHE,334,2009-11-30 12:00:00,0.1310579462487154,sets with events
h057,CHE,334,2009-11-30 12:00:00,0.03221568651026572,sets with events
h124,CHE,334,2009-11-30 12:00:00,0.22694675147332197,sets with events
h077,CHE,334,2009-11-30 12:00:00,0.16025646309501362,sets with events
h130,CHE,334,2009-11-30 12:00:00,0.04299534001284303,sets with events
h129,CHE,334,2009-11-30 12:00:00,0.11676721674270113,sets with events
h085,CHE,334,2009-11-30 12:00:00,0.31789713197791986,sets with events
h080,CHE,334,2009-11-30 12:00:00,0.1299813272636802,sets with events
h145,CHE,334,2009-11-30 12:00:00,-0.0044265681404698385,sets with events
h059,CHE,334,2009-11-30 12:00:00,0.0644346332361302,sets with events
h111,CHE,334,2009-11-30 12:00:00,-0.03182150704582147,sets with events
h168,CHE,334,2009-11-30 12:00:00,-0.016533107748457856,sets with events
h044,CHE,334,2009-11-30 12:00:00,-0.0660620342156684,sets with events
h106,CHE,334,2009-11-30 12:00:00,0.03507993138951886,sets with events
h010,CHE,334,2009-11-30 12:00:00,-0.12514602939546973,sets with events
h123,CHE,334,2009-11-30 12:00:00,0.03976814310205786,sets with events
h010,FRA,334,2009-11-30 12:00:00,-0.14793459390641908,all sets
h011,FRA,334,2009-11-30 12:00:00,0.013812137811764233,all sets
h012,FRA,334,2009-11-30 12:00:00,-0.14165459550394713,all sets
h013,FRA,334,2009-11-30 12:00:00,-0.10020030981033953,all sets
h014,FRA,334,2009-11-30 12:00:00,-0.0546149995072481,all sets
h015,FRA,334,2009-11-30 12:00:00,-0.0640096471832558,all sets
h016,FRA,334,2009-11-30 12:00:00,-0.07260177599899932,all sets
h017,FRA,334,2009-11-30 12:00:00,-0.03561671215119254,all sets
h018,FRA,334,2009-11-30 12:00:00,-0.10167741301603758,all sets
h019,FRA,334,2009-11-30 12:00:00,-0.17693565089763474,all sets
h020,FRA,334,2009-11-30 12:00:00,0.13305595844635995,all sets
h021,FRA,334,2009-11-30 12:00:00,-0.030584087093401754,all sets
h022,FRA,334,2009-11-30 12:00:00,0.029183565795619218,all sets
h023,FRA,334,2009-11-30 12:00:00,0.048356228040010024,all sets
h024,FRA,334,2009-11-30 12:00:00,0.0168784020127782,all sets
h025,FRA,334,2009-11-30 12:00:00,0.16558157668103876,all sets
h026,FRA,334,2009-11-30 12:00:00,-0.11725934593019308,all sets
h027,FRA,334,2009-11-30 12:00:00,-0.017899822400994112,all sets
h028,FRA,334,2009-11-30 12:00:00,-0.13974425721638403,all sets
h029,FRA,334,2009-11-30 12:00:00,0.022115769701008373,all sets
h030,FRA,334,2009-11-30 12:00:00,-0.005082603592637723,all sets
h031,FRA,334,2009-11-30 12:00:00,-0.11282113129548234,all sets
h032,FRA,334,2009-11-30 12:00:00,0.016603147181436198,all sets
h033,FRA,334,2009-11-30 12:00:00,-0.05993043834818946,all sets
h034,FRA,334,2009-11-30 12:00:00,0.0036870428716757426,all sets
h035,FRA,334,2009-11-30 12:00:00,0.023213153426834443,all sets
h036,FRA,334,2009-11-30 12:00:00,0.085159435713373,all sets
h037,FRA,334,2009-11-30 12:00:00,-0.062418354019134044,all sets
h038,FRA,334,2009-11-30 12:00:00,-0.07401244156123418,all sets
h039,FRA,334,2009-11-30 12:00:00,-0.014750666985202804,all sets
h040,FRA,334,2009-11-30 12:00:00,-0.05161457555227361,all sets
h041,FRA,334,2009-11-30 12:00:00,0.07746448992605096,all sets
h042,FRA,334,2009-11-30 12:00:00,0.07906806845722872,all sets
h043,FRA,334,2009-11-30 12:00:00,0.042981064968828475,all sets
h044,FRA,334,2009-11-30 12:00:00,-0.025617015010236787,all sets
h045,FRA,334,2009-11-30 12:00:00,0.028629784760048058,all sets
h046,FRA,334,2009-11-30 12:00:00,-0.0118794941963483,all sets
h047,FRA,334,2009-11-30 12:00:00,0.014402152614829002,all sets
h048,FRA,334,2009-11-30 12:00:00,-0.005169202173774041,all sets
h049,FRA,334,2009-11-30 12:00:00,-0.1505636074557152,all sets
h050,FRA,334,2009-11-30 12:00:00,0.0454937950472425,all sets
h051,FRA,334,2009-11-30 12:00:00,0.04850631020385047,all sets
h052,FRA,334,2009-11-30 12:00:00,0.11974490808524965,all sets
h053,FRA,334,2009-11-30 12:00:00,0.04175134479257877,all sets
h054,FRA,334,2009-11-30 12:00:00,0.15153099745548412,all sets
h055,FRA,334,2009-11-30 12:00:00,0.18597270123448426,all sets
h056,FRA,334,2009-11-30 12:00:00,0.12844268610288703,all sets
h057,FRA,334,2009-11-30 12:00:00,0.11835981124624852,all sets
h058,FRA,334,2009-11-30 12:00:00,0.09241674030949583,all sets
h059,FRA,334,2009-11-30 12:00:00,0.08732965405516668,all sets
h060,FRA,334,2009-11-30 12:00:00,0.0022459887221651853,all sets
h061,FRA,334,2009-11-30 12:00:00,0.03652152108673565,all sets
h062,FRA,334,2009-11-30 12:00:00,0.010875129640505698,all sets
h063,FRA,334,2009-11-30 12:00:00,0.07461167614848933,all sets
h064,FRA,334,2009-11-30 12:00:00,0.03751309982888569,all sets
h065,FRA,334,2009-11-30 12:00:00,0.04511770964432139,all sets
h066,FRA,334,2009-11-30 12:00:00,0.013111011668382336,all sets
h067,FRA,334,2009-11-30 12:00:00,0.08860287393187424,all sets
h068,FRA,334,2009-11-30 12:00:00,0.019936273334211187,all sets
h069,FRA,334,2009-11-30 12:00:00,0.024952019679013587,all sets
h070,FRA,334,2009-11-30 12:00:00,-0.06752831639378373,all sets
h071,FRA,334,2009-11-30 12:00:00,-0.06523824798371736,all sets
h072,FRA,334,2009-11-30 12:00:00,0.011379845003413635,all sets
h073,FRA,334,2009-11-30 12:00:00,-0.09342418844402063,all sets
h074,FRA,334,2009-11-30 12:00:00,-0.0956666823939795,all sets
h075,FRA,334,2009-11-30 12:00:00,-0.2000754544496352,all sets
h076,FRA,334,2009-11-30 12:00:00,-0.06736649420926627,all sets
h077,FRA,334,2009-11-30 12:00:00,0.07945166190988176,all sets
h078,FRA,334,2009-11-30 12:00:00,-0.034721450799823556,all sets
h079,FRA,334,2009-11-30 12:00:00,-0.015427383063963096,all sets
h080,FRA,334,2009-11-30 12:00:00,-0.032468170886210374,all sets
h081,FRA,334,2009-11-30 12:00:00,0.030995246896405,all sets
h082,FRA,334,2009-11-30 12:00:00,-0.03141106381676534,all sets
h083,FRA,334,2009-11-30 12:00:00,-0.004320284300285943,all sets
h084,FRA,334,2009-11-30 12:00:00,-0.0893583532047673,all sets
h085,FRA,334,2009-11-30 12:00:00,0.02485401495505247,all sets
h086,FRA,334,2009-11-30 12:00:00,-0.013670583119770654,all sets
h087,FRA,334,2009-11-30 12:00:00,-0.05331248112670503,all sets
h088,FRA,334,2009-11-30 12:00:00,-0.07105337400374208,all sets
h089,FRA,334,2009-11-30 12:00:00,0.010234366615395615,all sets
h090,FRA,334,2009-11-30 12:00:00,0.1906538104822589,all sets
h091,FRA,334,2009-11-30 12:00:00,0.11919165459979673,all sets
h092,FRA,334,2009-11-30 12:00:00,-0.054801568943132456,all sets
h093,FRA,334,2009-11-30 12:00:00,0.13268544919091477,all sets
h094,FRA,334,2009-11-30 12:00:00,-0.07342594309975002,all sets
h095,FRA,334,2009-11-30 12:00:00,0.018762305277925814,all sets
h096,FRA,334,2009-11-30 12:00:00,0.18163679794885518,all sets
h097,FRA,334,2009-11-30 12:00:00,0.027616269331947076,all sets
h098,FRA,334,2009-11-30 12:00:00,0.10854498643150606,all sets
h099,FRA,334,2009-11-30 12:00:00,0.0734192395214843,all sets
h100,FRA,334,2009-11-30 12:00:00,0.021999974008643626,all sets
h101,FRA,334,2009-11-30 12:00:00,-0.020271730601794186,all sets
h102,FRA,334,2009-11-30 12:00:00,0.05844201794603897,all sets
h103,FRA,334,2009-11-30 12:00:00,0.13083178092878672,all sets
h104,FRA,334,2009-11-30 12:00:00,-0.07443227272558282,all sets
h105,FRA,334,2009-11-30 12:00:00,-0.05485204385146301,all sets
h106,FRA,334,2009-11-30 12:00:00,0.016661879450253374,all sets
h107,FRA,334,2009-11-30 12:00:00,0.06758859924743332,all sets
h108,FRA,334,2009-11-30 12:00:00,-0.009141648036455795,all sets
h109,FRA,334,2009-11-30 12:00:00,0.0603614918535377,all sets
h110,FRA,334,2009-11-30 12:00:00,-0.10396241599126255,all sets
h111,FRA,334,2009-11-30 12:00:00,-0.05643975333682307,all sets
h112,FRA,334,2009-11-30 12:00:00,-0.12360999135130112,all sets
h113,FRA,334,2009-11-30 12:00:00,-0.013716497907802614,all sets
h114,FRA,334,2009-11-30 12:00:00,-0.011642249868332837,all sets
h115,FRA,334,2009-11-30 12:00:00,-0.08313497140856237,all sets
h116,FRA,334,2009-11-30 12:00:00,-0.07919320617743651,all sets
h117,FRA,334,2009-11-30 12:00:00,-0.18196577124290075,all sets
h118,FRA,334,2009-11-30 12:00:00,-0.08740663847125019,all sets
h119,FRA,334,2009-11-30 12:00:00,-0.01714655776297796,all sets
h120,FRA,334,2009-11-30 12:00:00,-0.08267106627591135,all sets
h121,FRA,334,2009-11-30 12:00:00,-0.050014525450274204,all sets
h122,FRA,334,2009-11-30 12:00:00,-0.028282699729275062,all sets
h123,FRA,334,2009-11-30 12:00:00,-0.050781626572656,all sets
h124,FRA,334,2009-11-30 12:00:00,0.04244148713546042,all sets
h125,FRA,334,2009-11-30 12:00:00,0.018553225470067547,all sets
h126,FRA,334,2009-11-30 12:00:00,-0.031931497732174845,all sets
h127,FRA,334,2009-11-30 12:00:00,-0.13406308423040736,all sets
h128,FRA,334,2009-11-30 12:00:00,-0.11448733089593342,all sets
h129,FRA,334,2009-11-30 12:00:00,-0.024782501847273937,all sets
h130,FRA,334,2009-11-30 12:00:00,-0.08126162487907336,all sets
h131,FRA,334,2009-11-30 12:00:00,-0.04627507667516661,all sets
h132,FRA,334,2009-11-30 12:00:00,-0.056562205808120054,all sets
h133,FRA,334,2009-11-30 12:00:00,-0.04224799561928161,all sets
h134,FRA,334,2009-11-30 12:00:00,-0.11580491670139784,all sets
h135,FRA,334,2009-11-30 12:00:00,-0.05478756701167513,all sets
h136,FRA,334,2009-11-30 12:00:00,-0.01604538828642508,all sets
h137,FRA,334,2009-11-30 12:00:00,-0.012425457260060677,all sets
h138,FRA,334,2009-11-30 12:00:00,-0.07041869645876497,all sets
h139,FRA,334,2009-11-30 12:00:00,-0.18332682415646903,all sets
h140,FRA,334,2009-11-30 12:00:00,0.13955235743417843,all sets
h141,FRA,334,2009-11-30 12:00:00,0.18119338913278327,all sets
h142,FRA,334,2009-11-30 12:00:00,0.12602521522285853,all sets
h143,FRA,334,2009-11-30 12:00:00,0.04794636636594702,all sets
h144,FRA,334,2009-11-30 12:00:00,0.22894470214958418,all sets
h145,FRA,334,2009-11-30 12:00:00,0.22226735070809361,all sets
h146,FRA,334,2009-11-30 12:00:00,0.280231977321573,all sets
h147,FRA,334,2009-11-30 12:00:00,0.0879830190259986,all sets
h148,FRA,334,2009-11-30 12:00:00,0.15079513664408128,all sets
h149,FRA,334,2009-11-30 12:00:00,0.09405675285142834,all sets
h150,FRA,334,2009-11-30 12:00:00,0.012457046444391584,all sets
h151,FRA,334,2009-11-30 12:00:00,0.0243847669150292,all sets
h152,FRA,334,2009-11-30 12:00:00,0.07171754729760105,all sets
h153,FRA,334,2009-11-30 12:00:00,-0.013908818416796916,all sets
h154,FRA,334,2009-11-30 12:00:00,0.020534429383402362,all sets
h155,FRA,334,2009-11-30 12:00:00,-0.03162388751230782,all sets
h156,FRA,334,2009-11-30 12:00:00,0.01708630191879311,all sets
h157,FRA,334,2009-11-30 12:00:00,0.16351511026554685,all sets
h158,FRA,334,2009-11-30 12:00:00,0.06060116390594435,all sets
h159,FRA,334,2009-11-30 12:00:00,-0.03410265032760364,all sets
h160,FRA,334,2009-11-30 12:00:00,-0.048735970776500256,all sets
h161,FRA,334,2009-11-30 12:00:00,-0.013513292843171354,all sets
h162,FRA,334,2009-11-30 12:00:00,0.024356246791362248,all sets
h163,FRA,334,2009-11-30 12:00:00,-0.08421062883296027,all sets
h164,FRA,334,2009-11-30 12:00:00,-0.07919392365003192,all sets
h165,FRA,334,2009-11-30 12:00:00,-0.08990563852099792,all sets
h166,FRA,334,2009-11-30 12:00:00,-0.11145567240765379,all sets
h167,FRA,334,2009-11-30 12:00:00,0.011438921121655,all sets
h168,FRA,334,2009-11-30 12:00:00,-0.0812587479279058,all sets
h169,FRA,334,2009-11-30 12:00:00,-0.02576428914566291,all sets
h090,FRA,334,2009-11-30 12:00:00,0.1906538104822589,sets with events
h076,FRA,334,2009-11-30 12:00:00,-0.06736649420926627,sets with events
h098,FRA,334,2009-11-30 12:00:00,0.10854498643150606,sets with events
h019,FRA,334,2009-11-30 12:00:00,-0.17693565089763474,sets with events
h096,FRA,334,2009-11-30 12:00:00,0.18163679794885518,sets with events
h055,FRA,334,2009-11-30 12:00:00,0.18597270123448426,sets with events
h080,FRA,334,2009-11-30 12:00:00,-0.032468170886210374,sets with events
h147,FRA,334,2009-11-30 12:00:00,0.0879830190259986,sets with events
h144,FRA,334,2009-11-30 12:00:00,0.22894470214958418,sets with events
h024,FRA,334,2009-11-30 12:00:00,0.0168784020127782,sets with events
h103,FRA,334,2009-11-30 12:00:00,0.13083178092878672,sets with events
h113,FRA,334,2009-11-30 12:00:00,-0.013716497907802614,sets with events
h032,FRA,334,2009-11-30 12:00:00,0.016603147181436198,sets with events
h158,FRA,334,2009-11-30 12:00:00,0.06060116390594435,sets with events
h059,FRA,334,2009-11-30 12:00:00,0.08732965405516668,sets with events
h064,FRA,334,2009-11-30 12:00:00,0.03751309982888569,sets with events
h143,FRA,334,2009-11-30 12:00:00,0.04794636636594702,sets with events
h105,FRA,334,2009-11-30 12:00:00,-0.05485204385146301,sets with events
h045,FRA,334,2009-11-30 12:00:00,0.028629784760048058,sets with events
h140,FRA,334,2009-11-30 12:00:00,0.13955235743417843,sets with events
h034,FRA,334,2009-11-30 12:00:00,0.0036870428716757426,sets with events
h057,FRA,334,2009-11-30 12:00:00,0.11835981124624852,sets with events
h036,FRA,334,2009-11-30 12:00:00,0.085159435713373,sets with events
h070,FRA,334,2009-11-30 12:00:00,-0.06752831639378373,sets with events
h044,FRA,334,2009-11-30 12:00:00,-0.025617015010236787,sets with events
h061,FRA,334,2009-11-30 12:00:00,0.03652152108673565,sets with events
h011,FRA,334,2009-11-30 12:00:00,0.013812137811764233,sets with events
h146,FRA,334,2009-11-30 12:00:00,0.280231977321573,sets with events
h083,FRA,334,2009-11-30 12:00:00,-0.004320284300285943,sets with events
h132,FRA,334,2009-11-30 12:00:00,-0.056562205808120054,sets with events
h078,FRA,334,2009-11-30 12:00:00,-0.034721450799823556,sets with events
h063,FRA,334,2009-11-30 12:00:00,0.07461167614848933,sets with events
h020,FRA,334,2009-11-30 12:00:00,0.13305595844635995,sets with events
h093,FRA,334,2009-11-30 12:00:00,0.13268544919091477,sets with events
h130,FRA,334,2009-11-30 12:00:00,-0.08126162487907336,sets with events
h042,FRA,334,2009-11-30 12:00:00,0.07906806845722872,sets with events
h118,FRA,334,2009-11-30 12:00:00,-0.08740663847125019,sets with events
h058,FRA,334,2009-11-30 12:00:00,0.09241674030949583,sets with events
h126,FRA,334,2009-11-30 12:00:00,-0.031931497732174845,sets with events
h060,FRA,334,2009-11-30 12:00:00,0.0022459887221651853,sets with events
h089,FRA,334,2009-11-30 12:00:00,0.010234366615395615,sets with events
h077,FRA,334,2009-11-30 12:00:00,0.07945166190988176,sets with events
h051,FRA,334,2009-11-30 12:00:00,0.04850631020385047,sets with events
h025,FRA,334,2009-11-30 12:00:00,0.16558157668103876,sets with events
h150,FRA,334,2009-11-30 12:00:00,0.012457046444391584,sets with events
h142,FRA,334,2009-11-30 12:00:00,0.12602521522285853,sets with events
h052,FRA,334,2009-11-30 12:00:00,0.11974490808524965,sets with events
h122,FRA,334,2009-11-30 12:00:00,-0.028282699729275062,sets with events
h069,FRA,334,2009-11-30 12:00:00,0.024952019679013587,sets with events
h056,FRA,334,2009-11-30 12:00:00,0.12844268610288703,sets with events
h148,FRA,334,2009-11-30 12:00:00,0.15079513664408128,sets with events
h053,FRA,334,2009-11-30 12:00:00,0.04175134479257877,sets with events
h047,FRA,334,2009-11-30 12:00:00,0.014402152614829002,sets with events
h014,FRA,334,2009-11-30 12:00:00,-0.0546149995072481,sets with events
h065,FRA,334,2009-11-30 12:00:00,0.04511770964432139,sets with events
h160,FRA,334,2009-11-30 12:00:00,-0.048735970776500256,sets with events
h073,FRA,334,2009-11-30 12:00:00,-0.09342418844402063,sets with events
h086,FRA,334,2009-11-30 12:00:00,-0.013670583119770654,sets with events
h092,FRA,334,2009-11-30 12:00:00,-0.054801568943132456,sets with events
h027,FRA,334,2009-11-30 12:00:00,-0.017899822400994112,sets with events
h145,FRA,334,2009-11-30 12:00:00,0.22226735070809361,sets with events
h138,FRA,334,2009-11-30 12:00:00,-0.07041869645876497,sets with events
h124,FRA,334,2009-11-30 12:00:00,0.04244148713546042,sets with events
h039,FRA,334,2009-11-30 12:00:00,-0.014750666985202804,sets with events
h100,FRA,334,2009-11-30 12:00:00,0.021999974008643626,sets with events
h121,FRA,334,2009-11-30 12:00:00,-0.050014525450274204,sets with events
h149,FRA,334,2009-11-30 12:00:00,0.09405675285142834,sets with events
h106,FRA,334,2009-11-30 12:00:00,0.016661879450253374,sets with events
h137,FRA,334,2009-11-30 12:00:00,-0.012425457260060677,sets with events
h054,FRA,334,2009-11-30 12:00:00,0.15153099745548412,sets with events
h154,FRA,334,2009-11-30 12:00:00,0.020534429383402362,sets with events
h120,FRA,334,2009-11-30 12:00:00,-0.08267106627591135,sets with events
h012,FRA,334,2009-11-30 12:00:00,-0.14165459550394713,sets with events
h134,FRA,334,2009-11-30 12:00:00,-0.11580491670139784,sets with events
h127,FRA,334,2009-11-30 12:00:00,-0.13406308423040736,sets with events
h110,FRA,334,2009-11-30 12:00:00,-0.10396241599126255,sets with events
h135,FRA,334,2009-11-30 12:00:00,-0.05478756701167513,sets with events
h084,FRA,334,2009-11-30 12:00:00,-0.0893583532047673,sets with events
h043,FRA,334,2009-11-30 12:00:00,0.042981064968828475,sets with events
h155,FRA,334,2009-11-30 12:00:00,-0.03162388751230782,sets with events
h107,FRA,334,2009-11-30 12:00:00,0.06758859924743332,sets with events
h152,FRA,334,2009-11-30 12:00:00,0.07171754729760105,sets with events
h131,FRA,334,2009-11-30 12:00:00,-0.04627507667516661,sets with events
h021,FRA,334,2009-11-30 12:00:00,-0.030584087093401754,sets with events
h015,FRA,334,2009-11-30 12:00:00,-0.0640096471832558,sets with events
h099,FRA,334,2009-11-30 12:00:00,0.0734192395214843,sets with events
h136,FRA,334,2009-11-30 12:00:00,-0.01604538828642508,sets with events
h108,FRA,334,2009-11-30 12:00:00,-0.009141648036455795,sets with events
h095,FRA,334,2009-11-30 12:00:00,0.018762305277925814,sets with events
h031,FRA,334,2009-11-30 12:00:00,-0.11282113129548234,sets with events
h159,FRA,334,2009-11-30 12:00:00,-0.03410265032760364,sets with events
h085,FRA,334,2009-11-30 12:00:00,0.02485401495505247,sets with events
h037,FRA,334,2009-11-30 12:00:00,-0.062418354019134044,sets with events
h067,FRA,334,2009-11-30 12:00:00,0.08860287393187424,sets with events
h023,FRA,334,2009-11-30 12:00:00,0.048356228040010024,sets with events
h017,FRA,334,2009-11-30 12:00:00,-0.03561671215119254,sets with events
h115,FRA,334,2009-11-30 12:00:00,-0.08313497140856237,sets with events
h091,FRA,334,2009-11-30 12:00:00,0.11919165459979673,sets with events
h111,FRA,334,2009-11-30 12:00:00,-0.05643975333682307,sets with events
h022,FRA,334,2009-11-30 12:00:00,0.029183565795619218,sets with events
h114,FRA,334,2009-11-30 12:00:00,-0.011642249868332837,sets with events
